fpr,tpr_RF,tpr_ET,tpr_GBDT,tpr_DT,tpr_Voting
0.0,0.12152777777777778,0.14149305555555555,0.109375,0.0,0.13715277777777776
0.001,0.13152777777777777,0.14149305555555555,0.109375,0.005859281570727354,0.13715277777777776
0.002,0.1605902777777778,0.16331944444444446,0.13281250000000003,0.011718563141454709,0.15711805555555555
0.003,0.20538888888888887,0.24913194444444445,0.15885416666666666,0.017577844712182062,0.20138888888888892
0.004,0.2456597222222222,0.2638888888888889,0.17274305555555558,0.023437126282909417,0.2456597222222222
0.005,0.2456597222222222,0.2638888888888889,0.17274305555555558,0.02929640785363677,0.2456597222222222
0.006,0.26528472222222227,0.27849305555555554,0.18836805555555558,0.035155689424364124,0.25781250000000006
0.007,0.2760416666666667,0.2951388888888889,0.19097222222222224,0.04101497099509147,0.2717013888888889
0.008,0.27777777777777785,0.3064236111111111,0.20833333333333334,0.046874252565818834,0.2786458333333333
0.009000000000000001,0.27777777777777785,0.3064236111111111,0.20833333333333334,0.05273353413654619,0.2786458333333333
0.01,0.2890625,0.31597222222222227,0.24305555555555558,0.05859281570727354,0.2829861111111111
0.011,0.30372916666666666,0.3298611111111111,0.25434027777777773,0.06445209727800089,0.3003472222222222
0.012,0.3107638888888889,0.33940972222222227,0.2638888888888889,0.07031137884872825,0.3081597222222222
0.013000000000000001,0.3107638888888889,0.33940972222222227,0.2638888888888889,0.07617066041945561,0.3081597222222222
0.014,0.328125,0.3524305555555556,0.2717013888888889,0.08202994199018294,0.3194444444444444
0.015,0.3342361111111111,0.36111111111111116,0.27604166666666663,0.08788922356091029,0.3289930555555556
0.016,0.34251388888888895,0.3619791666666667,0.2803819444444445,0.09374850513163767,0.3342013888888889
0.017,0.3507430555555555,0.3654513888888889,0.3064236111111111,0.09960778670236502,0.34722222222222227
0.018000000000000002,0.35140972222222217,0.3654513888888889,0.3064236111111111,0.10546706827309238,0.34722222222222227
0.019,0.3576388888888889,0.37934027777777773,0.3168402777777778,0.11132634984381973,0.3506944444444444
0.02,0.3585069444444445,0.3845486111111111,0.3272569444444445,0.11718563141454708,0.3576388888888889
0.021,0.3671875,0.38715277777777773,0.3359375,0.12304491298527442,0.3663194444444444
0.022,0.3671875,0.38715277777777773,0.3359375,0.12890419455600177,0.3663194444444444
0.023,0.3758680555555556,0.3932291666666667,0.33940972222222227,0.13476347612672915,0.3723958333333333
0.024,0.37934027777777773,0.39496527777777785,0.3463541666666667,0.1406227576974565,0.3828125
0.025,0.38454861111111116,0.3967013888888889,0.359375,0.14648203926818384,0.38628472222222215
0.026000000000000002,0.38454861111111116,0.3967013888888889,0.359375,0.15234132083891122,0.38628472222222215
0.027,0.3967013888888889,0.4010416666666667,0.3645833333333333,0.15820060240963854,0.39496527777777773
0.028,0.4010416666666667,0.4079861111111111,0.37065972222222215,0.1640598839803659,0.3993055555555556
0.029,0.40277777777777773,0.4088541666666667,0.37152777777777773,0.1699191655510933,0.4071180555555556
0.03,0.4114583333333333,0.41753472222222227,0.375,0.17577844712182059,0.41232638888888884
0.031,0.4114583333333333,0.41753472222222227,0.375,0.181637728692548,0.41232638888888884
0.032,0.41853472222222227,0.4296875,0.3828125,0.18749701026327534,0.4166666666666667
0.033,0.4192708333333333,0.43142361111111116,0.3854166666666667,0.19335629183400269,0.4192708333333333
0.034,0.4288194444444445,0.4357638888888889,0.390625,0.19921557340473003,0.421875
0.035,0.4288194444444445,0.4357638888888889,0.390625,0.20507485497545738,0.421875
0.036000000000000004,0.43545833333333334,0.4392361111111111,0.3975694444444444,0.21093413654618476,0.42621527777777773
0.037,0.4375,0.4427083333333333,0.4036458333333333,0.21679341811691208,0.43402777777777785
0.038,0.4375,0.4618055555555556,0.40625,0.22265269968763945,0.4453125
0.039,0.4375,0.4618055555555556,0.40625,0.22851198125836678,0.4453125
0.04,0.4401041666666667,0.4661458333333333,0.41059027777777773,0.23437126282909415,0.4453125
0.041,0.4492083333333334,0.46875,0.4270833333333333,0.2402305443998215,0.4513888888888889
0.042,0.45138888888888884,0.47222222222222215,0.4348958333333333,0.24608982597054885,0.46875
0.043000000000000003,0.4592222222222222,0.4765625,0.4444444444444445,0.25194910754127625,0.4713541666666667
0.044,0.45988888888888885,0.4765625,0.4444444444444445,0.25780838911200354,0.4713541666666667
0.045,0.47222222222222227,0.48871527777777773,0.44704861111111116,0.2636676706827309,0.4756944444444444
0.046,0.47945138888888894,0.49652777777777785,0.4600694444444445,0.2695269522534583,0.4774305555555556
0.047,0.49392361111111116,0.5069444444444445,0.46440972222222215,0.27538623382418564,0.4869791666666667
0.048,0.49392361111111116,0.5069444444444445,0.46440972222222215,0.281245515394913,0.4869791666666667
0.049,0.4982638888888889,0.5121527777777778,0.4661458333333333,0.28710479696564034,0.49565972222222215
0.05,0.5069444444444444,0.5173611111111112,0.4765625,0.2929640785363677,0.5052083333333334
0.051000000000000004,0.5105625,0.5347222222222222,0.4826388888888889,0.29882336010709504,0.515625
0.052000000000000005,0.5112291666666667,0.5347222222222222,0.4826388888888889,0.30468264167782244,0.515625
0.053,0.525173611111111,0.5381944444444445,0.4904513888888889,0.31054192324854973,0.5190972222222222
0.054,0.5403402777777778,0.5520833333333334,0.5060763888888888,0.3164012048192771,0.5442708333333334
0.055,0.5460069444444445,0.5564236111111112,0.5104166666666666,0.3222604863900045,0.546875
0.056,0.5659791666666667,0.5616319444444444,0.5182291666666666,0.3281197679607318,0.5538194444444445
0.057,0.5666458333333333,0.5616319444444444,0.5182291666666666,0.3339790495314592,0.5538194444444445
0.058,0.5711805555555556,0.5659722222222222,0.5243055555555555,0.3398383311021866,0.5659722222222222
0.059000000000000004,0.5775277777777778,0.5763888888888888,0.5277777777777778,0.3456976126729139,0.576388888888889
0.06,0.5817361111111111,0.5772569444444445,0.5373263888888888,0.35155689424364117,0.5789930555555556
0.061,0.5830694444444444,0.5772569444444445,0.5373263888888888,0.3574161758143686,0.5789930555555556
0.062,0.5850694444444443,0.5789930555555555,0.5381944444444444,0.363275457385096,0.5859375
0.063,0.5859375,0.5815972222222222,0.5399305555555555,0.36913473895582327,0.5894097222222222
0.064,0.5904097222222222,0.5902777777777778,0.5494791666666666,0.3749940205265507,0.6059027777777778
0.065,0.5910763888888889,0.5902777777777778,0.5494791666666666,0.38085330209727797,0.6059027777777778
0.066,0.5975486111111111,0.5946180555555557,0.5564236111111112,0.38671258366800537,0.609375
0.067,0.6006944444444445,0.5963541666666666,0.5607638888888888,0.3925718652387327,0.611111111111111
0.068,0.603298611111111,0.6015625,0.564236111111111,0.39843114680946007,0.615451388888889
0.069,0.603298611111111,0.6015625,0.564236111111111,0.4042904283801874,0.615451388888889
0.07,0.6085069444444444,0.6067708333333334,0.5677083333333334,0.41014970995091476,0.626736111111111
0.07100000000000001,0.6119791666666666,0.6067708333333334,0.5737847222222223,0.4160089915216421,0.6284722222222222
0.07200000000000001,0.6171875,0.607638888888889,0.5824652777777778,0.4218682730923695,0.6328125
0.073,0.6241875,0.611111111111111,0.5859375,0.42772755466309675,0.6354166666666666
0.074,0.6248541666666667,0.611111111111111,0.5859375,0.43358683623382416,0.6354166666666666
0.075,0.6267361111111112,0.6137152777777778,0.5946180555555555,0.4394461178045515,0.6380208333333334
0.076,0.6276041666666666,0.6154513888888888,0.6041666666666666,0.4453053993752789,0.6475694444444443
0.077,0.6319444444444445,0.6189236111111112,0.6059027777777778,0.4511646809460062,0.6475694444444443
0.078,0.6319444444444445,0.6189236111111112,0.6059027777777778,0.45702396251673355,0.6475694444444443
0.079,0.6388888888888888,0.6223958333333334,0.6067708333333334,0.4628832440874609,0.650173611111111
0.08,0.642361111111111,0.6258680555555555,0.6119791666666666,0.4687425256581883,0.6571180555555555
0.081,0.6449652777777777,0.6284722222222222,0.6180555555555555,0.4746018072289156,0.6597222222222222
0.082,0.6449652777777777,0.6284722222222222,0.6180555555555555,0.480461088799643,0.6597222222222222
0.083,0.6464791666666666,0.6302083333333334,0.6215277777777778,0.5029708333333333,0.6666666666666666
0.084,0.6493263888888888,0.6371527777777777,0.6258680555555555,0.5072004852744311,0.6701388888888888
0.085,0.6510416666666666,0.6388888888888888,0.626736111111111,0.5114301372155288,0.6762152777777778
0.08600000000000001,0.6510416666666666,0.640625,0.6284722222222222,0.5156651310369683,0.677951388888889
0.08700000000000001,0.6510416666666666,0.640625,0.6284722222222222,0.5199802530635362,0.677951388888889
0.088,0.657986111111111,0.6501736111111112,0.6302083333333334,0.5242953750901039,0.6796875
0.089,0.6597222222222222,0.654513888888889,0.6319444444444445,0.5286104971166719,0.6831597222222222
0.09,0.662326388888889,0.65625,0.6328125,0.5329256191432395,0.685763888888889
0.091,0.662326388888889,0.65625,0.6328125,0.5372407411698074,0.685763888888889
0.092,0.6657986111111112,0.65625,0.6371527777777778,0.5415558631963753,0.6892361111111112
0.093,0.6682708333333333,0.6597222222222223,0.6371527777777778,0.5458709852229431,0.6918402777777778
0.094,0.6727430555555555,0.6710069444444445,0.6397569444444445,0.5501861072495108,0.6961805555555555
0.095,0.6727430555555555,0.6710069444444445,0.6397569444444445,0.5545012292760787,0.6961805555555555
0.096,0.6753472222222223,0.6727430555555557,0.6414930555555555,0.5588163513026465,0.7039930555555555
0.097,0.677951388888889,0.6796875,0.6449652777777778,0.5631314733292143,0.7074652777777778
0.098,0.6796875,0.6796875,0.6449652777777778,0.567446595355782,0.7074652777777778
0.099,0.6814236111111112,0.6840277777777778,0.6475694444444444,0.5717617173823499,0.709201388888889
0.1,0.6814236111111112,0.6840277777777778,0.6475694444444444,0.5760768394089177,0.709201388888889
0.101,0.6822916666666666,0.6840277777777778,0.6493055555555555,0.5803919614354855,0.7100694444444445
0.10200000000000001,0.6840277777777777,0.6857638888888888,0.6536458333333334,0.5847070834620535,0.7100694444444445
0.10300000000000001,0.6848958333333334,0.6866319444444443,0.657986111111111,0.589206233266399,0.7118055555555555
0.10400000000000001,0.6848958333333334,0.6866319444444443,0.657986111111111,0.5948803296519412,0.7118055555555555
0.105,0.6892361111111112,0.6927083333333334,0.6597222222222222,0.5989016482597055,0.7152777777777777
0.106,0.6961805555555555,0.6935763888888888,0.6631944444444445,0.6025924113119143,0.7170138888888888
0.107,0.6979166666666666,0.6944444444444445,0.6631944444444445,0.6062831743641232,0.7204861111111112
0.108,0.6979166666666666,0.6944444444444445,0.6631944444444445,0.6099739374163319,0.7204861111111112
0.109,0.6979166666666666,0.6953125,0.6666666666666666,0.6102430555555555,0.7213541666666666
0.11,0.7013541666666666,0.6961805555555555,0.6684027777777778,0.6112847222222223,0.7239583333333334
0.111,0.7024722222222223,0.6970486111111112,0.6710069444444445,0.6131905864197531,0.7265625
0.112,0.704861111111111,0.7039930555555555,0.6727430555555555,0.6155632716049383,0.734375
0.113,0.704861111111111,0.7039930555555555,0.6727430555555555,0.6163040123456791,0.734375
0.114,0.7118055555555557,0.7065972222222222,0.6744791666666666,0.6171495707947531,0.7387152777777777
0.115,0.7135416666666666,0.7100694444444443,0.6753472222222222,0.6180361448688272,0.7395833333333334
0.116,0.7144097222222222,0.7109375,0.6770833333333334,0.6189227189429013,0.7430555555555557
0.117,0.7144097222222222,0.7109375,0.6770833333333334,0.6198092930169753,0.7430555555555557
0.11800000000000001,0.7170138888888888,0.7118055555555557,0.6779513888888888,0.6206958670910495,0.7430555555555557
0.11900000000000001,0.7190902777777778,0.7152777777777778,0.6788194444444445,0.6215824411651235,0.7430555555555557
0.12,0.7239583333333334,0.7178819444444445,0.6814236111111112,0.6224690152391975,0.7430555555555557
0.121,0.7239583333333334,0.7178819444444445,0.6814236111111112,0.6233555893132716,0.7430555555555557
0.122,0.7239583333333334,0.7196180555555555,0.6814236111111112,0.6242421633873457,0.7473958333333334
0.123,0.7256944444444445,0.7222222222222223,0.6822916666666666,0.625083984375,0.7482638888888888
0.124,0.7265625,0.7230902777777778,0.6840277777777777,0.625896484375,0.75
0.125,0.7282986111111112,0.7256944444444445,0.6866319444444445,0.6267089843750001,0.7508680555555557
0.126,0.7282986111111112,0.7256944444444445,0.6866319444444445,0.627521484375,0.7508680555555557
0.127,0.7282986111111112,0.7274305555555557,0.6875,0.628333984375,0.7543402777777778
0.128,0.7291666666666666,0.7291666666666666,0.6883680555555555,0.6288825954861111,0.756076388888889
0.129,0.7291666666666666,0.7291666666666666,0.6901041666666666,0.6290700954861111,0.7578125
0.13,0.7291666666666666,0.7291666666666666,0.6901041666666666,0.6296603732638889,0.7578125
0.131,0.7309027777777778,0.7291666666666666,0.6918402777777778,0.6302506510416667,0.7612847222222222
0.132,0.7332916666666667,0.7291666666666666,0.6918402777777778,0.6308613281250001,0.7612847222222222
0.133,0.7352430555555555,0.7291666666666666,0.6918402777777778,0.6315002170138889,0.7612847222222222
0.134,0.7352430555555555,0.7291666666666666,0.6918402777777778,0.6321691984953705,0.7612847222222222
0.135,0.7352430555555555,0.7309027777777778,0.6944444444444445,0.632838179976852,0.7621527777777777
0.136,0.7369791666666666,0.7335069444444445,0.6961805555555557,0.6335071614583333,0.765625
0.137,0.7395833333333334,0.7335069444444445,0.6979166666666666,0.6341761429398148,0.7690972222222222
0.138,0.7395833333333334,0.7335069444444445,0.6979166666666666,0.6348451244212963,0.7690972222222222
0.139,0.7395833333333334,0.7335069444444445,0.701388888888889,0.6355141059027778,0.7717013888888888
0.14,0.7404513888888888,0.7352430555555555,0.7022569444444445,0.6361830873842593,0.7734375
0.14100000000000001,0.7421875,0.7352430555555555,0.703125,0.6368520688657408,0.7786458333333334
0.14200000000000002,0.7422847222222222,0.7378472222222222,0.7065972222222222,0.6375210503472223,0.7786458333333334
0.14300000000000002,0.7436180555555555,0.7378472222222222,0.7065972222222222,0.6381900318287037,0.7786458333333334
0.14400000000000002,0.7444375000000001,0.7378472222222222,0.7118055555555555,0.6388590133101851,0.7821180555555555
0.145,0.7456597222222222,0.7404513888888888,0.712673611111111,0.6395279947916667,0.7847222222222222
0.146,0.7456597222222222,0.7413194444444443,0.71875,0.6401969762731482,0.7847222222222222
0.147,0.7456597222222222,0.7413194444444443,0.71875,0.6408659577546296,0.7847222222222222
0.148,0.7456597222222222,0.7430555555555555,0.7222222222222223,0.6415349392361112,0.7855902777777777
0.149,0.7473958333333334,0.743923611111111,0.7230902777777778,0.6422039207175926,0.7855902777777777
0.15,0.7482638888888888,0.7465277777777777,0.7230902777777778,0.6428729021990741,0.7855902777777777
0.151,0.7482638888888888,0.7465277777777777,0.7230902777777778,0.6435418836805555,0.7855902777777777
0.152,0.7482638888888888,0.7465277777777777,0.7256944444444443,0.6442108651620371,0.7873263888888888
0.153,0.7504375,0.7526041666666666,0.7256944444444443,0.6451441695601852,0.7881944444444443
0.154,0.751736111111111,0.7560763888888888,0.7265625,0.6462159288194445,0.7881944444444443
0.155,0.751736111111111,0.7569444444444445,0.7265625,0.6472876880787037,0.7881944444444443
0.156,0.751736111111111,0.7569444444444445,0.7265625,0.6483594473379629,0.7881944444444443
0.157,0.7539722222222222,0.7569444444444445,0.7300347222222223,0.6497129526289682,0.7890625
0.158,0.754638888888889,0.7569444444444445,0.7300347222222223,0.6511603732638889,0.7907986111111112
0.159,0.7578125,0.7578125,0.7309027777777778,0.6526077938988096,0.7925347222222223
0.16,0.7578125,0.7578125,0.7309027777777778,0.6540552145337301,0.7925347222222223
0.161,0.759548611111111,0.7621527777777777,0.7335069444444445,0.6551276351686508,0.7934027777777778
0.162,0.7612847222222222,0.7647569444444443,0.7413194444444445,0.6571569271486006,0.7934027777777778
0.163,0.7630208333333334,0.7673611111111112,0.7413194444444445,0.6600546401811821,0.7942708333333334
0.164,0.7630208333333334,0.7673611111111112,0.7413194444444445,0.6629523532137637,0.7942708333333334
0.165,0.7638888888888888,0.7673611111111112,0.7421875,0.665850066246345,0.7942708333333334
0.166,0.7647569444444443,0.7699652777777778,0.7439236111111112,0.6695798725328946,0.7951388888888888
0.167,0.7649791666666667,0.7734375,0.7447916666666666,0.673787109375,0.7951388888888888
0.168,0.7673611111111112,0.7743055555555555,0.7447916666666666,0.6779943462171053,0.7960069444444443
0.169,0.7673611111111112,0.7743055555555555,0.7447916666666666,0.6822015830592106,0.7960069444444443
0.17,0.770451388888889,0.7760416666666666,0.7456597222222222,0.6864088199013159,0.7960069444444443
0.171,0.7708333333333334,0.7777777777777778,0.7465277777777777,0.6897144363730506,0.798611111111111
0.17200000000000001,0.771701388888889,0.7777777777777778,0.7473958333333334,0.6918105621040449,0.8003472222222222
0.17300000000000001,0.771701388888889,0.7777777777777778,0.7473958333333334,0.6939066878350392,0.8003472222222222
0.17400000000000002,0.7743055555555557,0.7795138888888888,0.75,0.6960028135660332,0.8003472222222222
0.17500000000000002,0.7795138888888888,0.7795138888888888,0.7508680555555557,0.6980989392970273,0.8012152777777777
0.176,0.7803819444444443,0.78125,0.7526041666666666,0.7001950650280214,0.8020833333333334
0.177,0.7803819444444443,0.78125,0.7526041666666666,0.7022911907590155,0.8020833333333334
0.178,0.78125,0.7847222222222222,0.7526041666666666,0.7043873164900097,0.8038194444444443
0.179,0.7838541666666666,0.7855902777777778,0.7543402777777778,0.7064834422210039,0.8072916666666666
0.18,0.7855902777777777,0.7864583333333334,0.7552083333333334,0.7085795679519981,0.8081597222222223
0.181,0.7855902777777777,0.787326388888889,0.7552083333333334,0.7106756936829922,0.8098958333333334
0.182,0.7855902777777777,0.787326388888889,0.7552083333333334,0.7127718194139864,0.8098958333333334
0.183,0.7873263888888888,0.7899305555555557,0.7578125,0.7148679451449805,0.8116319444444445
0.184,0.7873263888888888,0.7934027777777777,0.7586805555555557,0.7169640708759747,0.8125
0.185,0.7891319444444443,0.7942708333333334,0.7621527777777778,0.7190601966069687,0.8125
0.186,0.7897986111111112,0.7942708333333334,0.7621527777777778,0.7211563223379631,0.8125
0.187,0.7907986111111112,0.7942708333333334,0.7621527777777778,0.7256314380787036,0.8125
0.188,0.7916666666666666,0.796875,0.765625,0.7263645729993385,0.8133680555555557
0.189,0.7916666666666666,0.7977430555555555,0.7673611111111112,0.7270977079199735,0.8133680555555557
0.19,0.7916666666666666,0.7977430555555555,0.7673611111111112,0.7278308428406084,0.8133680555555557
0.191,0.7925347222222222,0.798611111111111,0.7690972222222223,0.7285639777612434,0.8142361111111112
0.192,0.7942708333333334,0.7994791666666666,0.7717013888888888,0.7292971126818784,0.8151041666666666
0.193,0.7942708333333334,0.7994791666666666,0.7717013888888888,0.7300302476025132,0.8151041666666666
0.194,0.7942708333333334,0.7994791666666666,0.7717013888888888,0.7307633825231482,0.8151041666666666
0.195,0.7942708333333334,0.8012152777777778,0.7725694444444443,0.7309467489252645,0.8159722222222222
0.196,0.7942708333333334,0.8029513888888888,0.7760416666666666,0.731124328290344,0.8159722222222222
0.197,0.7951388888888888,0.8029513888888888,0.7803819444444443,0.7312457010582011,0.8168402777777777
0.198,0.7951388888888888,0.8055555555555555,0.7821180555555555,0.7312774470899471,0.8177083333333334
0.199,0.7951388888888888,0.8055555555555555,0.7821180555555555,0.7313091931216932,0.8177083333333334
0.2,0.7960069444444445,0.810763888888889,0.7864583333333334,0.7313409391534392,0.818576388888889
0.201,0.8003472222222222,0.8116319444444445,0.7881944444444445,0.7313726851851851,0.8194444444444445
0.202,0.8012152777777777,0.8116319444444445,0.7907986111111112,0.7314044312169311,0.8194444444444445
0.203,0.8012152777777777,0.8116319444444445,0.7907986111111112,0.7314361772486772,0.8194444444444445
0.20400000000000001,0.8029513888888888,0.8125,0.7907986111111112,0.7314679232804232,0.8211805555555555
0.20500000000000002,0.8046875,0.8125,0.7925347222222223,0.7315951554232804,0.8211805555555555
0.20600000000000002,0.8046875,0.8151041666666666,0.7925347222222223,0.731793568121693,0.8211805555555555
0.20700000000000002,0.8046875,0.8151041666666666,0.7925347222222223,0.7319919808201057,0.8211805555555555
0.20800000000000002,0.8077152777777777,0.8151041666666666,0.7925347222222223,0.7321903935185184,0.8211805555555555
0.209,0.8081597222222222,0.8151041666666666,0.7934027777777778,0.7323888062169311,0.8229166666666666
0.21,0.8081597222222222,0.8159722222222222,0.7934027777777778,0.7325872189153438,0.8237847222222223
0.211,0.8090277777777777,0.818576388888889,0.796875,0.7327856316137566,0.8237847222222223
0.212,0.8090277777777777,0.818576388888889,0.796875,0.7329840443121692,0.8237847222222223
0.213,0.8090277777777777,0.818576388888889,0.796875,0.7331824570105819,0.8246527777777778
0.214,0.8090277777777777,0.8194444444444445,0.7994791666666666,0.7334113433590875,0.8246527777777778
0.215,0.8099999999999999,0.8211805555555557,0.8046875,0.7337153065213392,0.8272569444444445
0.216,0.8106666666666666,0.8211805555555557,0.8046875,0.7342302071835908,0.8272569444444445
0.217,0.8116319444444445,0.8255208333333334,0.8055555555555557,0.7347451078458426,0.828125
0.218,0.8116319444444445,0.8263888888888888,0.8055555555555557,0.735260008508094,0.8289930555555555
0.219,0.8152708333333333,0.8263888888888888,0.8055555555555557,0.7357749091703458,0.8298611111111112
0.22,0.8159375,0.8263888888888888,0.8055555555555557,0.7362898098325975,0.8298611111111112
0.221,0.8159722222222222,0.8272569444444443,0.8072916666666666,0.7368047104948491,0.8298611111111112
0.222,0.8159722222222222,0.8289930555555555,0.8081597222222222,0.7373196111571008,0.8307291666666666
0.223,0.8177083333333334,0.8289930555555555,0.8081597222222222,0.7378345118193524,0.8307291666666666
0.224,0.818576388888889,0.8298611111111112,0.8081597222222222,0.7383494124816042,0.8315972222222223
0.225,0.818576388888889,0.8298611111111112,0.8081597222222222,0.7388643131438557,0.8315972222222223
0.226,0.818576388888889,0.8298611111111112,0.8107638888888888,0.7395859790390823,0.8315972222222223
0.227,0.818576388888889,0.8333333333333334,0.8107638888888888,0.7403804495938071,0.834201388888889
0.228,0.818576388888889,0.8368055555555555,0.8125,0.7411749201485319,0.834201388888889
0.229,0.818576388888889,0.8368055555555555,0.8125,0.7419693907032566,0.834201388888889
0.23,0.818576388888889,0.8368055555555555,0.8133680555555555,0.7427638612579814,0.8350694444444445
0.231,0.818576388888889,0.8368055555555555,0.8133680555555555,0.7435583318127063,0.8350694444444445
0.232,0.8258263888888889,0.8368055555555555,0.8133680555555555,0.744352802367431,0.8350694444444445
0.233,0.8271597222222223,0.8368055555555555,0.8133680555555555,0.7451472729221558,0.8350694444444445
0.234,0.828125,0.8368055555555555,0.8133680555555555,0.7459417434768806,0.8359375
0.23500000000000001,0.829861111111111,0.8376736111111112,0.8142361111111112,0.7467362140316053,0.8359375
0.23600000000000002,0.829861111111111,0.8385416666666666,0.8168402777777778,0.7473961359752189,0.837673611111111
0.23700000000000002,0.8307291666666666,0.8385416666666666,0.8168402777777778,0.747773939863277,0.837673611111111
0.23800000000000002,0.8307291666666666,0.8385416666666666,0.8168402777777778,0.7481517437513352,0.837673611111111
0.23900000000000002,0.8307291666666666,0.8394097222222223,0.8168402777777778,0.7485295476393933,0.837673611111111
0.24,0.8333333333333334,0.8394097222222223,0.8185763888888888,0.7489073515274515,0.8402777777777778
0.241,0.8359375,0.8411458333333334,0.8185763888888888,0.7492851554155094,0.8402777777777778
0.242,0.8359375,0.8411458333333334,0.8185763888888888,0.7496629593035676,0.8402777777777778
0.243,0.8359375,0.8411458333333334,0.8211805555555557,0.7500407631916257,0.8402777777777778
0.244,0.8368055555555555,0.8420138888888888,0.8211805555555557,0.7504185670796839,0.8402777777777778
0.245,0.8368055555555555,0.8428819444444445,0.8211805555555557,0.750796370967742,0.8411458333333334
0.246,0.8368055555555555,0.8428819444444445,0.8211805555555557,0.7511741748558,0.8411458333333334
0.247,0.8368055555555555,0.8428819444444445,0.8211805555555557,0.7515519787438582,0.8420138888888888
0.248,0.8368055555555555,0.8428819444444445,0.8229166666666666,0.7519297826319162,0.8420138888888888
0.249,0.8368055555555555,0.8428819444444445,0.8229166666666666,0.7523075865199743,0.8428819444444443
0.25,0.837673611111111,0.8428819444444445,0.8229166666666666,0.7526853904080325,0.84375
0.251,0.837673611111111,0.8428819444444445,0.8229166666666666,0.7530631942960905,0.84375
0.252,0.837673611111111,0.8428819444444445,0.8237847222222222,0.7534879305512985,0.84375
0.253,0.8385416666666666,0.84375,0.8237847222222222,0.7539329808161681,0.84375
0.254,0.8385416666666666,0.8446180555555557,0.8255208333333334,0.7543780310810378,0.84375
0.255,0.8385416666666666,0.8446180555555557,0.8255208333333334,0.7548230813459075,0.84375
0.256,0.8385416666666666,0.8446180555555557,0.8255208333333334,0.7552681316107773,0.84375
0.257,0.8397361111111111,0.8454861111111112,0.8255208333333334,0.755713181875647,0.84375
0.258,0.8411458333333334,0.8454861111111112,0.8255208333333334,0.7561582321405167,0.84375
0.259,0.8411458333333334,0.8454861111111112,0.8255208333333334,0.7566032824053863,0.84375
0.26,0.8420138888888888,0.8472222222222223,0.826388888888889,0.7570483326702561,0.8446180555555555
0.261,0.8420138888888888,0.8472222222222223,0.828125,0.7574933829351257,0.8463541666666666
0.262,0.8472222222222223,0.8480902777777778,0.828125,0.7579384331999955,0.8489583333333334
0.263,0.8472222222222223,0.8480902777777778,0.828125,0.7583834834648652,0.8489583333333334
0.264,0.8484166666666667,0.8480902777777778,0.8298611111111112,0.7588285337297349,0.8489583333333334
0.265,0.8496180555555556,0.8480902777777778,0.8307291666666666,0.7592735839946047,0.8489583333333334
0.266,0.8526805555555557,0.8489583333333334,0.8342013888888888,0.7598221288831302,0.8489583333333334
0.267,0.8533472222222223,0.849826388888889,0.8350694444444445,0.7605431648110823,0.8489583333333334
0.268,0.854013888888889,0.849826388888889,0.8350694444444445,0.7612642007390344,0.8489583333333334
0.269,0.8567708333333334,0.849826388888889,0.8359375,0.7619852366669866,0.8515625
0.27,0.857638888888889,0.8506944444444445,0.8368055555555555,0.7627062725949387,0.8515625
0.271,0.857638888888889,0.8506944444444445,0.8385416666666666,0.7634273085228909,0.8524305555555555
0.272,0.857638888888889,0.8506944444444445,0.8385416666666666,0.764148344450843,0.8524305555555555
0.273,0.857638888888889,0.8506944444444445,0.8385416666666666,0.7648693803787951,0.8524305555555555
0.274,0.857638888888889,0.8515625,0.8394097222222222,0.768836160034346,0.8524305555555555
0.275,0.857638888888889,0.8515625,0.8394097222222222,0.7691545675274115,0.8524305555555555
0.276,0.857638888888889,0.8515625,0.8394097222222222,0.7694729750204772,0.8524305555555555
0.277,0.8585069444444445,0.8515625,0.8428819444444445,0.7697913825135428,0.853298611111111
0.278,0.8602430555555555,0.853298611111111,0.8428819444444445,0.7701097900066084,0.853298611111111
0.279,0.8602430555555555,0.8550347222222222,0.8428819444444445,0.770428197499674,0.8541666666666666
0.28,0.8602430555555555,0.8567708333333334,0.8428819444444445,0.7707466049927397,0.8567708333333334
0.281,0.8602430555555555,0.8567708333333334,0.8428819444444445,0.7710650124858054,0.8567708333333334
0.28200000000000003,0.8619791666666666,0.8567708333333334,0.8428819444444445,0.7713834199788709,0.8567708333333334
0.28300000000000003,0.8619791666666666,0.8567708333333334,0.8463541666666666,0.7717018274719365,0.8585069444444445
0.28400000000000003,0.8619791666666666,0.8567708333333334,0.8472222222222222,0.7720202349650022,0.859375
0.28500000000000003,0.8619791666666666,0.8567708333333334,0.8472222222222222,0.7723386424580679,0.859375
0.28600000000000003,0.8619791666666666,0.857638888888889,0.8480902777777777,0.7726570499511336,0.8602430555555555
0.28700000000000003,0.8645833333333334,0.857638888888889,0.8489583333333334,0.7729754574441992,0.8619791666666666
0.28800000000000003,0.8647430555555555,0.857638888888889,0.8506944444444445,0.7732938649372647,0.8628472222222222
0.289,0.8654097222222221,0.857638888888889,0.8506944444444445,0.7736122724303304,0.8628472222222222
0.29,0.8663194444444445,0.857638888888889,0.8506944444444445,0.7739306799233961,0.8628472222222222
0.291,0.8671875,0.8585069444444445,0.8506944444444445,0.7742490874164618,0.8654513888888888
0.292,0.8680555555555555,0.8585069444444445,0.8515625,0.7745674949095274,0.8654513888888888
0.293,0.8680555555555555,0.8585069444444445,0.8524305555555555,0.7748859024025929,0.8663194444444445
0.294,0.8680555555555555,0.8585069444444445,0.8524305555555555,0.7752043098956586,0.8663194444444445
0.295,0.8680555555555555,0.8585069444444445,0.8524305555555555,0.7755227173887244,0.8671875
0.296,0.868923611111111,0.8585069444444445,0.8524305555555555,0.7758411248817899,0.8671875
0.297,0.868923611111111,0.8585069444444445,0.8541666666666666,0.7761595323748555,0.8671875
0.298,0.868923611111111,0.8585069444444445,0.8541666666666666,0.7764779398679211,0.8671875
0.299,0.8697916666666666,0.8602430555555555,0.8541666666666666,0.7767963473609868,0.8680555555555557
0.3,0.8697916666666666,0.861111111111111,0.8550347222222223,0.7771147548540526,0.8689236111111112
0.301,0.8697916666666666,0.861111111111111,0.8559027777777778,0.7774331623471181,0.8689236111111112
0.302,0.8697916666666666,0.861111111111111,0.8559027777777778,0.7777515698401838,0.8689236111111112
0.303,0.8697916666666666,0.861111111111111,0.8567708333333334,0.7780699773332493,0.8689236111111112
0.304,0.8697916666666666,0.861111111111111,0.8567708333333334,0.778388384826315,0.8689236111111112
0.305,0.8697916666666666,0.8619791666666666,0.8567708333333334,0.7787067923193808,0.8706597222222222
0.306,0.8697916666666666,0.8628472222222222,0.8567708333333334,0.7790251998124463,0.8706597222222222
0.307,0.8697916666666666,0.8628472222222222,0.8567708333333334,0.779343607305512,0.8706597222222222
0.308,0.8706597222222222,0.8628472222222222,0.8585069444444445,0.7796620147985776,0.8706597222222222
0.309,0.8723958333333334,0.8628472222222222,0.859375,0.7799804222916432,0.8715277777777777
0.31,0.8723958333333334,0.8628472222222222,0.8602430555555555,0.7802988297847088,0.8715277777777777
0.311,0.8723958333333334,0.8628472222222222,0.8602430555555555,0.7806172372777745,0.8715277777777777
0.312,0.8732638888888888,0.8654513888888888,0.8619791666666666,0.7809356447708401,0.8715277777777777
0.313,0.8758680555555555,0.8680555555555555,0.8619791666666666,0.7812540522639058,0.8715277777777777
0.314,0.8758680555555555,0.8680555555555555,0.8628472222222222,0.7815724597569714,0.8715277777777777
0.315,0.8758680555555555,0.8680555555555555,0.8628472222222222,0.7818908672500372,0.8715277777777777
0.316,0.8764652777777777,0.868923611111111,0.8645833333333334,0.7822092747431028,0.8732638888888888
0.317,0.8767361111111112,0.8715277777777777,0.8645833333333334,0.7825276822361684,0.8732638888888888
0.318,0.877798611111111,0.8715277777777777,0.8645833333333334,0.782846089729234,0.8732638888888888
0.319,0.8784652777777778,0.8715277777777777,0.8645833333333334,0.7831644972222996,0.8732638888888888
0.32,0.8784722222222222,0.8715277777777777,0.8645833333333334,0.7834829047153652,0.8732638888888888
0.321,0.8784722222222222,0.8715277777777777,0.8645833333333334,0.783801312208431,0.8732638888888888
0.322,0.8784722222222222,0.8715277777777777,0.8645833333333334,0.7841197197014965,0.8732638888888888
0.323,0.8793402777777778,0.8741319444444445,0.8645833333333334,0.7844381271945622,0.8732638888888888
0.324,0.8793402777777778,0.8741319444444445,0.8645833333333334,0.7847565346876277,0.8732638888888888
0.325,0.8798611111111111,0.875,0.8645833333333334,0.7850749421806934,0.8732638888888888
0.326,0.8802083333333334,0.8758680555555557,0.865451388888889,0.7853933496737592,0.8732638888888888
0.327,0.8802083333333334,0.8758680555555557,0.865451388888889,0.7857117571668247,0.8741319444444443
0.328,0.8802083333333334,0.8758680555555557,0.865451388888889,0.7860301646598904,0.8741319444444443
0.329,0.8802083333333334,0.8767361111111112,0.8663194444444445,0.786348572152956,0.8741319444444443
0.33,0.8802083333333334,0.8767361111111112,0.8663194444444445,0.7866669796460216,0.8758680555555555
0.331,0.8802083333333334,0.8784722222222222,0.8671875,0.7869853871390874,0.8758680555555555
0.332,0.8802083333333334,0.8784722222222222,0.8671875,0.7873037946321529,0.8758680555555555
0.333,0.8802083333333334,0.8784722222222222,0.8680555555555557,0.7876222021252186,0.8758680555555555
0.334,0.8802083333333334,0.8784722222222222,0.8689236111111112,0.7879406096182843,0.8758680555555555
0.335,0.8804513888888889,0.8802083333333334,0.8689236111111112,0.7882590171113498,0.8767361111111112
0.336,0.8810763888888888,0.8802083333333334,0.8689236111111112,0.7885774246044154,0.8784722222222222
0.337,0.8810763888888888,0.8802083333333334,0.8689236111111112,0.7888958320974812,0.8784722222222222
0.338,0.8810763888888888,0.8819444444444445,0.8689236111111112,0.7892142395905468,0.8784722222222222
0.339,0.8810763888888888,0.8828125,0.8689236111111112,0.7895326470836124,0.8784722222222222
0.34,0.8810763888888888,0.8836805555555555,0.8689236111111112,0.7898510545766779,0.8793402777777777
0.341,0.8810763888888888,0.8836805555555555,0.8689236111111112,0.7901694620697436,0.8793402777777777
0.342,0.8810763888888888,0.8836805555555555,0.8689236111111112,0.7904878695628094,0.8793402777777777
0.343,0.8814444444444445,0.8845486111111112,0.8697916666666666,0.790806277055875,0.8810763888888888
0.34400000000000003,0.8828125,0.8854166666666666,0.8697916666666666,0.7911246845489406,0.8819444444444445
0.34500000000000003,0.8828125,0.8854166666666666,0.8697916666666666,0.7914430920420062,0.8819444444444445
0.34600000000000003,0.8828125,0.8862847222222222,0.8697916666666666,0.7917614995350718,0.8819444444444445
0.34700000000000003,0.8836805555555557,0.8862847222222222,0.8706597222222222,0.7920799070281376,0.8819444444444445
0.34800000000000003,0.8845486111111112,0.8871527777777778,0.8715277777777778,0.7923983145212032,0.8836805555555557
0.34900000000000003,0.8845486111111112,0.8871527777777778,0.8732638888888888,0.7927167220142688,0.8845486111111112
0.35000000000000003,0.8845486111111112,0.8871527777777778,0.8732638888888888,0.7930351295073343,0.8845486111111112
0.35100000000000003,0.8854166666666666,0.8880208333333334,0.8732638888888888,0.7933535370004,0.8845486111111112
0.352,0.8854166666666666,0.8880208333333334,0.8732638888888888,0.7936719444934658,0.8845486111111112
0.353,0.8871527777777778,0.8880208333333334,0.8732638888888888,0.7939903519865313,0.8854166666666666
0.354,0.8871527777777778,0.8880208333333334,0.8732638888888888,0.794308759479597,0.8854166666666666
0.355,0.8871527777777778,0.8880208333333334,0.8732638888888888,0.7946271669726626,0.8854166666666666
0.356,0.8871527777777778,0.8888888888888888,0.8741319444444443,0.7949455744657282,0.8854166666666666
0.357,0.8871527777777778,0.8888888888888888,0.8741319444444443,0.795263981958794,0.8854166666666666
0.358,0.8871527777777778,0.8888888888888888,0.8741319444444443,0.7955823894518597,0.8854166666666666
0.359,0.8871527777777778,0.8888888888888888,0.8758680555555555,0.7959007969449252,0.8854166666666666
0.36,0.8880208333333334,0.8897569444444443,0.8758680555555555,0.7962192044379908,0.8854166666666666
0.361,0.8899722222222223,0.8914930555555555,0.8767361111111112,0.7965376119310564,0.8862847222222223
0.362,0.890625,0.8914930555555555,0.8767361111111112,0.7968560194241222,0.8871527777777778
0.363,0.890625,0.8914930555555555,0.8767361111111112,0.7971744269171878,0.8871527777777778
0.364,0.890625,0.8932291666666666,0.8767361111111112,0.7974928344102533,0.8871527777777778
0.365,0.890625,0.8949652777777778,0.8767361111111112,0.797811241903319,0.8880208333333334
0.366,0.8914930555555557,0.8949652777777778,0.8767361111111112,0.7981296493963846,0.8880208333333334
0.367,0.8914930555555557,0.8949652777777778,0.8767361111111112,0.7984480568894504,0.8880208333333334
0.368,0.8914930555555557,0.8967013888888888,0.8784722222222223,0.798766464382516,0.8880208333333334
0.369,0.8923611111111112,0.8967013888888888,0.8793402777777778,0.7990848718755815,0.8880208333333334
0.37,0.8932291666666666,0.8967013888888888,0.8802083333333334,0.7994032793686472,0.8880208333333334
0.371,0.8932291666666666,0.8967013888888888,0.8802083333333334,0.7997216868617129,0.8880208333333334
0.372,0.8932291666666666,0.8967013888888888,0.8802083333333334,0.8000400943547786,0.8888888888888888
0.373,0.8932291666666666,0.8967013888888888,0.8802083333333334,0.8003585018478442,0.8897569444444445
0.374,0.8932291666666666,0.8975694444444445,0.881076388888889,0.8006769093409097,0.8897569444444445
0.375,0.8940972222222222,0.8984375,0.881076388888889,0.8009953168339754,0.8897569444444445
0.376,0.8940972222222222,0.8984375,0.881076388888889,0.8013137243270411,0.8897569444444445
0.377,0.8945625,0.8984375,0.881076388888889,0.8016321318201066,0.8897569444444445
0.378,0.8949652777777777,0.8993055555555555,0.881076388888889,0.8019505393131724,0.890625
0.379,0.8949652777777777,0.900173611111111,0.881076388888889,0.802268946806238,0.890625
0.38,0.8949652777777777,0.900173611111111,0.881076388888889,0.8025873542993036,0.890625
0.381,0.8958333333333334,0.900173611111111,0.881076388888889,0.8029057617923692,0.8932291666666666
0.382,0.8958333333333334,0.9010416666666666,0.881076388888889,0.8032241692854348,0.8940972222222222
0.383,0.8958333333333334,0.9010416666666666,0.881076388888889,0.8035425767785006,0.8958333333333334
0.384,0.8958333333333334,0.9010416666666666,0.881076388888889,0.8038609842715662,0.8958333333333334
0.385,0.8981597222222223,0.9019097222222222,0.8819444444444445,0.8041793917646318,0.8958333333333334
0.386,0.8984375,0.9019097222222222,0.8854166666666666,0.8044977992576975,0.8958333333333334
0.387,0.9001736111111112,0.9019097222222222,0.8871527777777778,0.804816206750763,0.8958333333333334
0.388,0.9001736111111112,0.9019097222222222,0.8871527777777778,0.8051346142438288,0.8958333333333334
0.389,0.9001736111111112,0.9027777777777777,0.8888888888888888,0.8054530217368944,0.8975694444444445
0.39,0.9001736111111112,0.9036458333333334,0.8888888888888888,0.80577142922996,0.8975694444444445
0.391,0.9001736111111112,0.9036458333333334,0.8897569444444443,0.8060898367230256,0.8984375
0.392,0.9001736111111112,0.9045138888888888,0.890625,0.8064082442160913,0.8984375
0.393,0.9001736111111112,0.9045138888888888,0.890625,0.806726651709157,0.8984375
0.394,0.9001736111111112,0.9045138888888888,0.8914930555555557,0.8070450592022226,0.9001736111111112
0.395,0.9003298611111111,0.9045138888888888,0.8914930555555557,0.8073634666952882,0.9001736111111112
0.396,0.9006631944444444,0.9053819444444443,0.8914930555555557,0.8076818741883538,0.9010416666666666
0.397,0.9009965277777777,0.9053819444444443,0.8914930555555557,0.8080002816814195,0.9010416666666666
0.398,0.9010416666666666,0.9053819444444443,0.8914930555555557,0.8083186891744852,0.9010416666666666
0.399,0.9019097222222222,0.9053819444444443,0.8932291666666666,0.8086370966675508,0.9010416666666666
0.4,0.9019097222222222,0.90625,0.8932291666666666,0.8089555041606165,0.9010416666666666
0.401,0.9019097222222222,0.90625,0.8932291666666666,0.809273911653682,0.9010416666666666
0.402,0.9019097222222222,0.90625,0.8940972222222222,0.8095923191467477,0.9010416666666666
0.403,0.9019097222222222,0.90625,0.8949652777777777,0.8099107266398132,0.9010416666666666
0.404,0.9019097222222222,0.9071180555555555,0.8949652777777777,0.810229134132879,0.9010416666666666
0.405,0.9027777777777777,0.9088541666666666,0.8949652777777777,0.8105475416259446,0.9010416666666666
0.406,0.9027777777777777,0.9088541666666666,0.8949652777777777,0.8108659491190102,0.9010416666666666
0.40700000000000003,0.9027777777777777,0.9097222222222222,0.8949652777777777,0.8111843566120758,0.9010416666666666
0.40800000000000003,0.9027777777777777,0.9105902777777778,0.8975694444444445,0.8115027641051414,0.9010416666666666
0.40900000000000003,0.9027777777777777,0.9105902777777778,0.8975694444444445,0.8118211715982072,0.9019097222222223
0.41000000000000003,0.9027777777777777,0.9105902777777778,0.8975694444444445,0.8121395790912729,0.9019097222222223
0.41100000000000003,0.9027777777777777,0.9105902777777778,0.8984375,0.8124579865843384,0.9036458333333334
0.41200000000000003,0.9036458333333334,0.9123263888888888,0.8993055555555555,0.8127763940774041,0.9036458333333334
0.41300000000000003,0.9045138888888888,0.9123263888888888,0.8993055555555555,0.8130948015704696,0.9045138888888888
0.41400000000000003,0.9045138888888888,0.9123263888888888,0.8993055555555555,0.8134132090635354,0.9045138888888888
0.41500000000000004,0.9045138888888888,0.9131944444444445,0.8993055555555555,0.8137316165566011,0.9045138888888888
0.41600000000000004,0.9045138888888888,0.9131944444444445,0.8993055555555555,0.8140500240496666,0.9053819444444445
0.417,0.9045138888888888,0.9131944444444445,0.8993055555555555,0.8143684315427322,0.90625
0.418,0.9053819444444445,0.9140625,0.8993055555555555,0.8146868390357979,0.9079861111111112
0.419,0.9053819444444445,0.9140625,0.8993055555555555,0.8150052465288636,0.9079861111111112
0.42,0.9058680555555555,0.9166666666666666,0.8993055555555555,0.8153236540219292,0.9079861111111112
0.421,0.90625,0.9166666666666666,0.900173611111111,0.8156420615149947,0.9079861111111112
0.422,0.9063333333333334,0.9166666666666666,0.900173611111111,0.8159604690080604,0.9088541666666666
0.423,0.907,0.9166666666666666,0.900173611111111,0.8162788765011261,0.9088541666666666
0.424,0.9071180555555557,0.9166666666666666,0.9010416666666666,0.8165972839941918,0.9088541666666666
0.425,0.9072337962962963,0.9175347222222222,0.9010416666666666,0.8169156914872574,0.9097222222222222
0.426,0.9084699074074075,0.9175347222222222,0.9010416666666666,0.817234098980323,0.9097222222222222
0.427,0.9093587962962962,0.9175347222222222,0.9010416666666666,0.8175525064733886,0.9097222222222222
0.428,0.9096365740740741,0.9184027777777778,0.9010416666666666,0.8178709139664543,0.9105902777777778
0.429,0.9097222222222222,0.9188125,0.9010416666666666,0.8181893214595201,0.9105902777777778
0.43,0.9097222222222222,0.9201388888888888,0.9010416666666666,0.8185077289525856,0.9105902777777778
0.431,0.9097222222222222,0.9210069444444445,0.9019097222222222,0.8188261364456512,0.9105902777777778
0.432,0.9097222222222222,0.9210069444444445,0.9019097222222222,0.8191445439387168,0.9105902777777778
0.433,0.9105902777777778,0.9210069444444445,0.9019097222222222,0.8194629514317825,0.9105902777777778
0.434,0.9114583333333334,0.9210069444444445,0.9027777777777778,0.8197813589248483,0.9114583333333334
0.435,0.9114583333333334,0.9227430555555557,0.9027777777777778,0.8200997664179138,0.9114583333333334
0.436,0.9114583333333334,0.9227430555555557,0.9027777777777778,0.8204181739109794,0.9114583333333334
0.437,0.9114583333333334,0.9227430555555557,0.90625,0.820736581404045,0.9123263888888888
0.438,0.9114583333333334,0.9236111111111112,0.90625,0.8210549888971107,0.9131944444444445
0.439,0.9114583333333334,0.9236111111111112,0.9071180555555557,0.8213733963901765,0.9131944444444445
0.44,0.9114583333333334,0.9236111111111112,0.9071180555555557,0.821691803883242,0.9131944444444445
0.441,0.9117569444444444,0.9236111111111112,0.9079861111111112,0.8220102113763076,0.9131944444444445
0.442,0.9120902777777777,0.9236111111111112,0.9079861111111112,0.8223286188693733,0.9131944444444445
0.443,0.9131944444444445,0.9253472222222223,0.9079861111111112,0.8226470263624389,0.9131944444444445
0.444,0.9131944444444445,0.9253472222222223,0.9079861111111112,0.8229654338555045,0.9131944444444445
0.445,0.9147337962962964,0.9262152777777778,0.9088541666666666,0.82328384134857,0.9140625
0.446,0.9171087962962963,0.9262152777777778,0.9097222222222222,0.8236022488416358,0.9140625
0.447,0.9173310185185185,0.9262152777777778,0.9097222222222222,0.8239206563347015,0.9140625
0.448,0.9175347222222222,0.9262152777777778,0.9105902777777777,0.824239063827767,0.9149305555555557
0.449,0.9175347222222222,0.9262152777777778,0.9105902777777777,0.8245574713208327,0.9149305555555557
0.45,0.9175347222222222,0.9262152777777778,0.9114583333333334,0.8248758788138985,0.9166666666666666
0.451,0.9175347222222222,0.9262152777777778,0.9114583333333334,0.825194286306964,0.9166666666666666
0.452,0.9175347222222222,0.9262152777777778,0.9123263888888888,0.8255126938000297,0.9166666666666666
0.453,0.9175347222222222,0.9262152777777778,0.9123263888888888,0.8258311012930953,0.9166666666666666
0.454,0.9184027777777777,0.9262152777777778,0.9131944444444445,0.8261495087861609,0.9184027777777778
0.455,0.9184027777777777,0.9270833333333334,0.915798611111111,0.8264679162792267,0.9184027777777778
0.456,0.9192708333333334,0.9270833333333334,0.9166666666666666,0.8267863237722922,0.9192708333333334
0.457,0.9192708333333334,0.9270833333333334,0.9166666666666666,0.8271047312653579,0.9192708333333334
0.458,0.9199166666666666,0.9270833333333334,0.9166666666666666,0.8274231387584234,0.9192708333333334
0.459,0.9201388888888888,0.9270833333333334,0.9166666666666666,0.8277415462514891,0.9192708333333334
0.46,0.9203819444444444,0.9270833333333334,0.9166666666666666,0.8280599537445547,0.9192708333333334
0.461,0.9210069444444443,0.9270833333333334,0.9166666666666666,0.8283783612376204,0.920138888888889
0.462,0.9210069444444443,0.9270833333333334,0.9166666666666666,0.828696768730686,0.920138888888889
0.463,0.9210069444444443,0.9270833333333334,0.9166666666666666,0.8290151762237516,0.9210069444444445
0.464,0.9210069444444443,0.927951388888889,0.9166666666666666,0.8293335837168173,0.9210069444444445
0.465,0.9211111111111111,0.927951388888889,0.920138888888889,0.8296519912098829,0.9210069444444445
0.466,0.9217777777777778,0.927951388888889,0.920138888888889,0.8299703987029486,0.9210069444444445
0.467,0.921875,0.927951388888889,0.920138888888889,0.8302888061960142,0.9210069444444445
0.468,0.921875,0.927951388888889,0.921875,0.8306072136890799,0.9210069444444445
0.46900000000000003,0.9227430555555555,0.927951388888889,0.921875,0.8309256211821455,0.9210069444444445
0.47000000000000003,0.9227430555555555,0.927951388888889,0.921875,0.8312440286752111,0.9210069444444445
0.47100000000000003,0.9227430555555555,0.927951388888889,0.921875,0.8315624361682769,0.921875
0.47200000000000003,0.9227430555555555,0.9288194444444445,0.9244791666666666,0.8318808436613424,0.921875
0.47300000000000003,0.9227430555555555,0.9288194444444445,0.9244791666666666,0.8321992511544081,0.9227430555555557
0.47400000000000003,0.923611111111111,0.9296875,0.9244791666666666,0.8325176586474736,0.9227430555555557
0.47500000000000003,0.923611111111111,0.9296875,0.9244791666666666,0.8328360661405393,0.9227430555555557
0.47600000000000003,0.9241041666666666,0.9296875,0.9244791666666666,0.8331544736336051,0.9227430555555557
0.47700000000000004,0.9244791666666666,0.9296875,0.9244791666666666,0.8334728811266706,0.9227430555555557
0.47800000000000004,0.9262152777777778,0.9296875,0.9244791666666666,0.8337912886197363,0.9236111111111112
0.47900000000000004,0.9262152777777778,0.9296875,0.9244791666666666,0.834109696112802,0.9236111111111112
0.48,0.9276388888888888,0.9296875,0.9253472222222222,0.8344281036058675,0.9244791666666666
0.481,0.9283055555555556,0.9296875,0.9253472222222222,0.8347465110989333,0.9253472222222223
0.482,0.9288194444444445,0.9305555555555555,0.9253472222222222,0.8350649185919989,0.9253472222222223
0.483,0.9288194444444445,0.9305555555555555,0.9253472222222222,0.8353833260850645,0.9253472222222223
0.484,0.9288194444444445,0.9305555555555555,0.9253472222222222,0.83570173357813,0.9262152777777778
0.485,0.9288194444444445,0.9314236111111112,0.9253472222222222,0.8360201410711957,0.9262152777777778
0.486,0.9288194444444445,0.9314236111111112,0.9253472222222222,0.8363385485642615,0.9262152777777778
0.487,0.9296875,0.9314236111111112,0.9262152777777777,0.836656956057327,0.9262152777777778
0.488,0.9296875,0.9314236111111112,0.9262152777777777,0.8369753635503926,0.9262152777777778
0.489,0.9296875,0.9314236111111112,0.9262152777777777,0.8372937710434583,0.9262152777777778
0.49,0.9296875,0.9322916666666666,0.9270833333333334,0.8376121785365239,0.9262152777777778
0.491,0.9296875,0.9322916666666666,0.9270833333333334,0.8379305860295897,0.9262152777777778
0.492,0.9296875,0.9322916666666666,0.9270833333333334,0.8382489935226553,0.9262152777777778
0.493,0.9296875,0.9322916666666666,0.9270833333333334,0.8385674010157208,0.9270833333333334
0.494,0.9296875,0.9340277777777777,0.9270833333333334,0.8388858085087865,0.9270833333333334
0.495,0.9298263888888889,0.9348958333333334,0.9270833333333334,0.8392042160018521,0.9270833333333334
0.496,0.9304930555555555,0.9348958333333334,0.9270833333333334,0.8395226234949179,0.9270833333333334
0.497,0.9305555555555555,0.9348958333333334,0.9279513888888888,0.8398410309879835,0.927951388888889
0.498,0.9305555555555555,0.9348958333333334,0.9288194444444445,0.840159438481049,0.927951388888889
0.499,0.9305555555555555,0.9348958333333334,0.9288194444444445,0.8404778459741147,0.927951388888889
0.5,0.9305555555555555,0.9366319444444443,0.9288194444444445,0.8407962534671803,0.927951388888889
0.501,0.9305555555555555,0.9366319444444443,0.9288194444444445,0.8411146609602459,0.927951388888889
0.502,0.931423611111111,0.9366319444444443,0.9305555555555557,0.8414330684533115,0.9288194444444445
0.503,0.931423611111111,0.9366319444444443,0.9305555555555557,0.8417514759463772,0.9288194444444445
0.504,0.931423611111111,0.9375,0.9322916666666666,0.8420698834394429,0.9288194444444445
0.505,0.931423611111111,0.9375,0.9322916666666666,0.8423882909325086,0.9288194444444445
0.506,0.931423611111111,0.9375,0.9348958333333334,0.8427066984255743,0.9296875
0.507,0.931423611111111,0.9375,0.9357638888888888,0.8430251059186399,0.9296875
0.508,0.9322916666666666,0.9383680555555555,0.9366319444444443,0.8433435134117054,0.9305555555555557
0.509,0.9322916666666666,0.9383680555555555,0.9366319444444443,0.8436619209047711,0.9305555555555557
0.51,0.9322916666666666,0.9392361111111112,0.9366319444444443,0.8439803283978368,0.9305555555555557
0.511,0.9322916666666666,0.9392361111111112,0.9375,0.8442987358909023,0.9340277777777778
0.512,0.9322916666666666,0.9401041666666666,0.9375,0.8446171433839679,0.9340277777777778
0.513,0.9322916666666666,0.9401041666666666,0.9375,0.8449355508770336,0.9340277777777778
0.514,0.9322916666666666,0.9427083333333334,0.9375,0.8452539583700993,0.9348958333333334
0.515,0.9322916666666666,0.9427083333333334,0.9383680555555557,0.8455723658631649,0.9348958333333334
0.516,0.9322916666666666,0.9427083333333334,0.9383680555555557,0.8458907733562305,0.9348958333333334
0.517,0.9322916666666666,0.9427083333333334,0.9383680555555557,0.8462091808492963,0.935763888888889
0.518,0.9322916666666666,0.9427083333333334,0.9383680555555557,0.8465275883423619,0.935763888888889
0.519,0.9331597222222222,0.9427083333333334,0.9383680555555557,0.8468459958354275,0.9366319444444445
0.52,0.9331597222222222,0.9435763888888888,0.9383680555555557,0.8471644033284932,0.9375
0.521,0.9332708333333333,0.9453125,0.9392361111111112,0.8474828108215587,0.9375
0.522,0.9339375,0.9453125,0.9392361111111112,0.8478012183146245,0.9375
0.523,0.9342199074074075,0.9453125,0.9392361111111112,0.8481196258076901,0.9375
0.524,0.9356851851851853,0.9453125,0.9392361111111112,0.8484380333007557,0.9375
0.525,0.9364872685185186,0.9453125,0.9392361111111112,0.8487564407938213,0.9375
0.526,0.9370428240740741,0.9453125,0.9392361111111112,0.849074848286887,0.9375
0.527,0.9373854166666667,0.9453125,0.9392361111111112,0.8493932557799525,0.9375
0.528,0.9383680555555555,0.9461805555555555,0.9401041666666666,0.8497116632730183,0.9392361111111112
0.529,0.9383680555555555,0.9461805555555555,0.9401041666666666,0.8500300707660838,0.9392361111111112
0.53,0.9383680555555555,0.9461805555555555,0.9401041666666666,0.8503484782591495,0.9392361111111112
0.531,0.9383680555555555,0.9461805555555555,0.9401041666666666,0.8506668857522152,0.9392361111111112
0.532,0.9383680555555555,0.9461805555555555,0.9401041666666666,0.8509852932452807,0.9392361111111112
0.533,0.9401041666666666,0.9461805555555555,0.9401041666666666,0.8513037007383465,0.9392361111111112
0.534,0.9401041666666666,0.9461805555555555,0.9401041666666666,0.8516221082314122,0.9392361111111112
0.535,0.9401041666666666,0.9461805555555555,0.9401041666666666,0.8519405157244777,0.9392361111111112
0.536,0.9401041666666666,0.9461805555555555,0.9401041666666666,0.8522589232175434,0.9392361111111112
0.537,0.9409722222222222,0.9479166666666666,0.9409722222222222,0.8525773307106089,0.9401041666666666
0.538,0.9409722222222222,0.9513888888888888,0.9409722222222222,0.8528957382036747,0.9401041666666666
0.539,0.9409722222222222,0.9513888888888888,0.9409722222222222,0.8532141456967403,0.9401041666666666
0.54,0.9409722222222222,0.9513888888888888,0.9409722222222222,0.8535325531898059,0.9409722222222222
0.541,0.9409722222222222,0.9522569444444443,0.9409722222222222,0.8538509606828715,0.9409722222222222
0.542,0.9409722222222222,0.9522569444444443,0.9409722222222222,0.8541693681759371,0.9409722222222222
0.543,0.9409722222222222,0.9522569444444443,0.9409722222222222,0.8544877756690027,0.9418402777777777
0.544,0.9409722222222222,0.9522569444444443,0.9409722222222222,0.8548061831620685,0.9418402777777777
0.545,0.9409722222222222,0.9539930555555555,0.9409722222222222,0.8551245906551341,0.9418402777777777
0.546,0.9409722222222222,0.9539930555555555,0.9418402777777777,0.8554429981481997,0.9418402777777777
0.547,0.9409722222222222,0.9539930555555555,0.9427083333333334,0.8557614056412653,0.9418402777777777
0.548,0.9409722222222222,0.9539930555555555,0.9427083333333334,0.8560798131343311,0.9418402777777777
0.549,0.9409722222222222,0.9539930555555555,0.9427083333333334,0.8563982206273968,0.9418402777777777
0.55,0.9418402777777778,0.9539930555555555,0.9427083333333334,0.8567166281204623,0.9418402777777777
0.551,0.9435763888888888,0.9539930555555555,0.9427083333333334,0.8570350356135279,0.9418402777777777
0.552,0.9435763888888888,0.9539930555555555,0.9427083333333334,0.8573534431065936,0.9418402777777777
0.553,0.9435763888888888,0.9539930555555555,0.9435763888888888,0.8576718505996593,0.9427083333333334
0.554,0.9446493055555556,0.9539930555555555,0.9435763888888888,0.8579902580927249,0.9427083333333334
0.555,0.9449826388888889,0.9539930555555555,0.9444444444444443,0.8583086655857904,0.9427083333333334
0.556,0.9461805555555555,0.9539930555555555,0.9453125,0.8586270730788561,0.9427083333333334
0.557,0.9461805555555555,0.9539930555555555,0.9453125,0.8589454805719218,0.9427083333333334
0.558,0.9470486111111112,0.9548611111111112,0.9461805555555555,0.8592638880649875,0.9435763888888888
0.559,0.9470486111111112,0.9548611111111112,0.9461805555555555,0.8595822955580531,0.9435763888888888
0.56,0.9470486111111112,0.9548611111111112,0.947048611111111,0.8599007030511188,0.9435763888888888
0.561,0.9470486111111112,0.9548611111111112,0.947048611111111,0.8602191105441843,0.9435763888888888
0.562,0.9470486111111112,0.9548611111111112,0.947048611111111,0.86053751803725,0.9435763888888888
0.5630000000000001,0.9471319444444445,0.9548611111111112,0.947048611111111,0.8608559255303158,0.9435763888888888
0.5640000000000001,0.9472986111111111,0.9548611111111112,0.947048611111111,0.8611743330233813,0.9435763888888888
0.5650000000000001,0.9474652777777778,0.9548611111111112,0.947048611111111,0.8614927405164469,0.9435763888888888
0.5660000000000001,0.9476319444444444,0.9548611111111112,0.9479166666666666,0.8618111480095125,0.9444444444444445
0.5670000000000001,0.9477986111111111,0.9557291666666666,0.9487847222222223,0.8621295555025782,0.9444444444444445
0.5680000000000001,0.9479166666666666,0.9557291666666666,0.9496527777777778,0.8624479629956437,0.9453125
0.5690000000000001,0.9479166666666666,0.9557291666666666,0.9496527777777778,0.8627663704887093,0.9453125
0.5700000000000001,0.9487847222222222,0.9557291666666666,0.9513888888888888,0.8630847779817751,0.9461805555555555
0.5710000000000001,0.9496527777777777,0.9557291666666666,0.953125,0.8634031854748407,0.9461805555555555
0.5720000000000001,0.9496527777777777,0.9565972222222222,0.953125,0.8637215929679064,0.9479166666666666
0.5730000000000001,0.9496527777777777,0.9565972222222222,0.953125,0.8640400004609722,0.9479166666666666
0.5740000000000001,0.9496527777777777,0.9565972222222222,0.953125,0.8643584079540377,0.9479166666666666
0.5750000000000001,0.9505208333333334,0.9574652777777778,0.953125,0.8646768154471033,0.9479166666666666
0.5760000000000001,0.9505208333333334,0.9574652777777778,0.953125,0.864995222940169,0.9487847222222223
0.577,0.9506388888888889,0.9583333333333334,0.953125,0.8653136304332346,0.9496527777777778
0.578,0.9513055555555555,0.9583333333333334,0.953125,0.8656320379263002,0.9496527777777778
0.579,0.9519722222222221,0.9600694444444443,0.953125,0.8659504454193657,0.9505208333333334
0.58,0.9535069444444444,0.9600694444444443,0.954861111111111,0.8662688529124315,0.9505208333333334
0.581,0.9539930555555555,0.9600694444444443,0.954861111111111,0.8665872604054972,0.9505208333333334
0.582,0.9539930555555555,0.9600694444444443,0.954861111111111,0.8669056678985627,0.9505208333333334
0.583,0.9539930555555555,0.9600694444444443,0.9557291666666666,0.8672240753916283,0.9513888888888888
0.584,0.9539930555555555,0.9609375,0.9557291666666666,0.8675424828846939,0.9522569444444445
0.585,0.9539930555555555,0.9618055555555555,0.9557291666666666,0.8678608903777597,0.953125
0.586,0.9539930555555555,0.9618055555555555,0.9557291666666666,0.8681792978708253,0.9539930555555557
0.587,0.9539930555555555,0.9618055555555555,0.9557291666666666,0.8684977053638909,0.9539930555555557
0.588,0.9542465277777777,0.9618055555555555,0.9557291666666666,0.8688161128569566,0.9539930555555557
0.589,0.9554479166666666,0.9618055555555555,0.9557291666666666,0.8691345203500221,0.9539930555555557
0.59,0.9559375,0.9619097222222223,0.9565972222222222,0.8694529278430879,0.9574652777777777
0.591,0.9572708333333333,0.9625763888888889,0.9565972222222222,0.8697713353361536,0.9574652777777777
0.592,0.9576550925925926,0.962673611111111,0.9565972222222222,0.8700897428292191,0.9609375
0.593,0.9578773148148149,0.962673611111111,0.9565972222222222,0.8704081503222847,0.9609375
0.594,0.9598356481481481,0.962673611111111,0.9565972222222222,0.8707265578153504,0.9609375
0.595,0.9600578703703704,0.962673611111111,0.9565972222222222,0.8710449653084161,0.9609375
0.596,0.9609375,0.962673611111111,0.9574652777777777,0.8713633728014817,0.9609375
0.597,0.9609375,0.962673611111111,0.9583333333333334,0.8716817802945473,0.9609375
0.598,0.9618055555555557,0.9635416666666666,0.9583333333333334,0.872000187787613,0.9609375
0.599,0.9626736111111112,0.9635416666666666,0.9600694444444443,0.8723185952806786,0.9609375
0.6,0.9626736111111112,0.9635416666666666,0.9600694444444443,0.8726370027737443,0.9609375
0.601,0.9626736111111112,0.9635416666666666,0.9609375,0.8729554102668099,0.9618055555555555
0.602,0.9629652777777777,0.9635416666666666,0.9609375,0.8732738177598756,0.9618055555555555
0.603,0.9635416666666666,0.9635416666666666,0.9609375,0.8735922252529412,0.9618055555555555
0.604,0.9635416666666666,0.9635416666666666,0.9609375,0.8739106327460068,0.9618055555555555
0.605,0.9635416666666666,0.9635416666666666,0.9609375,0.8742290402390726,0.9618055555555555
0.606,0.9635416666666666,0.9644097222222222,0.9609375,0.8745474477321381,0.9618055555555555
0.607,0.964486111111111,0.9652777777777778,0.9618055555555555,0.8748658552252038,0.9635416666666666
0.608,0.9648194444444446,0.9652777777777778,0.9618055555555555,0.8751842627182693,0.9635416666666666
0.609,0.9651527777777779,0.9661458333333334,0.9618055555555555,0.875502670211335,0.9635416666666666
0.61,0.9652777777777778,0.9670138888888888,0.9618055555555555,0.8758210777044005,0.9635416666666666
0.611,0.9652777777777778,0.9670138888888888,0.9618055555555555,0.8761394851974663,0.9635416666666666
0.612,0.9652777777777778,0.9670138888888888,0.9626736111111112,0.876457892690532,0.9635416666666666
0.613,0.9652777777777778,0.9670138888888888,0.9626736111111112,0.8767763001835975,0.9635416666666666
0.614,0.9652777777777778,0.9678819444444445,0.9626736111111112,0.8770947076766632,0.9635416666666666
0.615,0.9652777777777778,0.9696180555555555,0.9626736111111112,0.8774131151697288,0.9635416666666666
0.616,0.9652777777777778,0.9696180555555555,0.9626736111111112,0.8777315226627945,0.9635416666666666
0.617,0.9652777777777778,0.9696180555555555,0.9626736111111112,0.8780499301558602,0.9635416666666666
0.618,0.9652777777777778,0.9696180555555555,0.9626736111111112,0.8783683376489257,0.9644097222222222
0.619,0.9661458333333334,0.9722222222222223,0.9635416666666666,0.8786867451419914,0.9644097222222222
0.62,0.9661458333333334,0.9722222222222223,0.9644097222222222,0.879005152635057,0.9644097222222222
0.621,0.9661458333333334,0.9722222222222223,0.9644097222222222,0.8793235601281227,0.9644097222222222
0.622,0.9661458333333334,0.9722222222222223,0.9644097222222222,0.8796419676211883,0.9644097222222222
0.623,0.9661458333333334,0.9722222222222223,0.9644097222222222,0.879960375114254,0.9644097222222222
0.624,0.9661458333333334,0.9722222222222223,0.9644097222222222,0.8802787826073196,0.9652777777777777
0.625,0.9661458333333334,0.974826388888889,0.9644097222222222,0.8805971901003852,0.9661458333333334
0.626,0.9661458333333334,0.974826388888889,0.9644097222222222,0.8809155975934507,0.9661458333333334
0.627,0.9661458333333334,0.974826388888889,0.9644097222222222,0.8812340050865165,0.9661458333333334
0.628,0.9661458333333334,0.9765625,0.9644097222222222,0.8815524125795822,0.9661458333333334
0.629,0.9661458333333334,0.9765625,0.9661458333333334,0.8818708200726478,0.9670138888888888
0.63,0.9661458333333334,0.9765625,0.9661458333333334,0.8821892275657134,0.9670138888888888
0.631,0.9661458333333334,0.9765625,0.9661458333333334,0.8825076350587792,0.9670138888888888
0.632,0.9661458333333334,0.9765625,0.9661458333333334,0.8828260425518447,0.9670138888888888
0.633,0.9661458333333334,0.9765625,0.9661458333333334,0.8831444500449104,0.9670138888888888
0.634,0.9661458333333334,0.9765625,0.9661458333333334,0.883462857537976,0.9670138888888888
0.635,0.9661458333333334,0.9765625,0.9661458333333334,0.8837812650310416,0.9670138888888888
0.636,0.9661458333333334,0.9765625,0.9670138888888888,0.8840996725241071,0.9670138888888888
0.637,0.9661458333333334,0.9774305555555555,0.9670138888888888,0.8844180800171729,0.9670138888888888
0.638,0.9661458333333334,0.9774305555555555,0.9670138888888888,0.8847364875102386,0.9670138888888888
0.639,0.967013888888889,0.9791666666666666,0.9670138888888888,0.8850548950033043,0.9678819444444445
0.64,0.967013888888889,0.9791666666666666,0.9670138888888888,0.8853733024963698,0.9678819444444445
0.641,0.967076388888889,0.9791666666666666,0.9670138888888888,0.8856917099894354,0.9678819444444445
0.642,0.9672430555555556,0.9791666666666666,0.9678819444444445,0.8860101174825011,0.9704861111111112
0.643,0.9674097222222223,0.9791666666666666,0.9678819444444445,0.8863285249755668,0.9704861111111112
0.644,0.9684444444444443,0.9791666666666666,0.96875,0.8866469324686325,0.9713541666666666
0.645,0.9686111111111111,0.9791666666666666,0.9696180555555555,0.886965339961698,0.9722222222222223
0.646,0.9696180555555555,0.9791666666666666,0.9696180555555555,0.8872837474547636,0.9730902777777778
0.647,0.9696180555555555,0.9791666666666666,0.9696180555555555,0.8876021549478293,0.9730902777777778
0.648,0.9696180555555555,0.9791666666666666,0.9696180555555555,0.887920562440895,0.9739583333333334
0.649,0.9696180555555555,0.9791666666666666,0.9704861111111112,0.8882389699339606,0.974826388888889
0.65,0.9696180555555555,0.9791666666666666,0.9713541666666666,0.8885573774270261,0.974826388888889
0.651,0.9696180555555555,0.9791666666666666,0.9713541666666666,0.8888757849200918,0.974826388888889
0.652,0.9696180555555555,0.9791666666666666,0.9713541666666666,0.8891941924131576,0.9756944444444445
0.653,0.9700555555555556,0.9791666666666666,0.9722222222222222,0.8895125999062231,0.9756944444444445
0.654,0.9722222222222222,0.9791666666666666,0.9722222222222222,0.8898310073992888,0.9765625
0.655,0.9722222222222222,0.9791666666666666,0.9730902777777778,0.8901494148923543,0.9765625
0.656,0.9722222222222222,0.9791666666666666,0.9730902777777778,0.89046782238542,0.9765625
0.657,0.9722222222222222,0.9791666666666666,0.9739583333333334,0.8907862298784858,0.9765625
0.658,0.9725208333333333,0.9801840277777778,0.9739583333333334,0.8911046373715514,0.9774305555555557
0.659,0.9730902777777777,0.9805173611111111,0.9739583333333334,0.891423044864617,0.9791666666666666
0.66,0.9730902777777777,0.9808506944444445,0.9739583333333334,0.8917414523576825,0.9791666666666666
0.661,0.9730902777777777,0.9809027777777778,0.9739583333333334,0.8920598598507482,0.9791666666666666
0.662,0.9739583333333334,0.9809027777777778,0.9739583333333334,0.892378267343814,0.9791666666666666
0.663,0.9741180555555555,0.982638888888889,0.9748263888888888,0.8926966748368795,0.9800347222222223
0.664,0.9747847222222222,0.982638888888889,0.9748263888888888,0.8930150823299452,0.9800347222222223
0.665,0.9750347222222221,0.982638888888889,0.9748263888888888,0.8933334898230109,0.9800347222222223
0.666,0.9752569444444444,0.982638888888889,0.9748263888888888,0.8936518973160764,0.9800347222222223
0.667,0.9763472222222221,0.982638888888889,0.9748263888888888,0.8939703048091422,0.9800347222222223
0.668,0.9765625,0.982638888888889,0.9748263888888888,0.8942887123022079,0.9800347222222223
0.669,0.9765625,0.982638888888889,0.9748263888888888,0.8946071197952734,0.9800347222222223
0.67,0.9765625,0.9835069444444445,0.9765625,0.8949255272883391,0.9809027777777778
0.671,0.978298611111111,0.9835069444444445,0.9765625,0.8952439347814046,0.9809027777777778
0.672,0.978298611111111,0.9835069444444445,0.9765625,0.8955623422744704,0.9809027777777778
0.673,0.978298611111111,0.9835069444444445,0.9765625,0.895880749767536,0.9809027777777778
0.674,0.978298611111111,0.9835069444444445,0.9765625,0.8961991572606016,0.9826388888888888
0.675,0.9791666666666666,0.9835069444444445,0.9765625,0.8965175647536672,0.9835069444444445
0.676,0.9791666666666666,0.9835069444444445,0.9774305555555555,0.8968359722467328,0.984375
0.677,0.9791666666666666,0.9835069444444445,0.9774305555555555,0.8971543797397984,0.984375
0.678,0.9803402777777778,0.984375,0.9774305555555555,0.8974727872328642,0.986111111111111
0.679,0.9806736111111111,0.984375,0.978298611111111,0.8977911947259298,0.9869791666666666
0.68,0.9812152777777778,0.984375,0.978298611111111,0.8981096022189954,0.9887152777777778
0.681,0.9822106481481482,0.984375,0.978298611111111,0.898428009712061,0.9887152777777778
0.682,0.9827662037037038,0.984375,0.978298611111111,0.8987464172051266,0.9887152777777778
0.683,0.9830856481481481,0.984375,0.978298611111111,0.8990648246981924,0.9904513888888888
0.684,0.9833078703703704,0.984375,0.9791666666666666,0.899383232191258,0.9904513888888888
0.685,0.9852430555555555,0.984375,0.9809027777777778,0.8997016396843236,0.9904513888888888
0.686,0.9852430555555555,0.984375,0.9809027777777778,0.9000200471773893,0.9904513888888888
0.687,0.9852430555555555,0.984375,0.9809027777777778,0.9003384546704548,0.9904513888888888
0.6880000000000001,0.9852430555555555,0.984375,0.9809027777777778,0.9006568621635206,0.9904513888888888
0.6890000000000001,0.9852430555555555,0.9852430555555555,0.9809027777777778,0.9009752696565861,0.9904513888888888
0.6900000000000001,0.9852430555555555,0.9852430555555555,0.9809027777777778,0.9012936771496518,0.9904513888888888
0.6910000000000001,0.9852430555555555,0.9852430555555555,0.9817708333333334,0.9016120846427175,0.9913194444444445
0.6920000000000001,0.9852430555555555,0.9869791666666666,0.9826388888888888,0.901930492135783,0.9913194444444445
0.6930000000000001,0.9854375000000001,0.9869791666666666,0.9826388888888888,0.9022488996288486,0.9913194444444445
0.6940000000000001,0.9861041666666668,0.9869791666666666,0.9826388888888888,0.9025673071219144,0.9913194444444445
0.6950000000000001,0.9861111111111112,0.9869791666666666,0.9826388888888888,0.90288571461498,0.9913194444444445
0.6960000000000001,0.9861111111111112,0.9887152777777778,0.9826388888888888,0.9032041221080457,0.9913194444444445
0.6970000000000001,0.9871076388888889,0.9907083333333334,0.9835069444444445,0.9035225296011112,0.9913194444444445
0.6980000000000001,0.9874409722222222,0.9921875,0.9835069444444445,0.903840937094177,0.9913194444444445
0.6990000000000001,0.9877743055555556,0.9921875,0.9835069444444445,0.9041593445872426,0.9913194444444445
0.7000000000000001,0.9889756944444444,0.9930555555555555,0.9835069444444445,0.9044777520803082,0.9913194444444445
0.7010000000000001,0.9893090277777778,0.9930555555555555,0.9835069444444445,0.9047961595733739,0.9913194444444445
0.7020000000000001,0.9895833333333334,0.9930555555555555,0.984375,0.9051145670664394,0.9913194444444445
0.7030000000000001,0.9895833333333334,0.9930555555555555,0.984375,0.905432974559505,0.9913194444444445
0.704,0.9895833333333334,0.9930555555555555,0.984375,0.9057513820525708,0.9913194444444445
0.705,0.9899652777777778,0.9930555555555555,0.984375,0.9060697895456364,0.9921875
0.706,0.9904513888888888,0.9930555555555555,0.984375,0.906388197038702,0.9921875
0.707,0.9904513888888888,0.9930555555555555,0.984375,0.9067066045317675,0.9921875
0.708,0.9904513888888888,0.9947916666666666,0.984375,0.9070250120248332,0.9921875
0.709,0.9904513888888888,0.9947916666666666,0.984375,0.907343419517899,0.9921875
0.71,0.9904513888888888,0.9947916666666666,0.984375,0.9076618270109647,0.9930555555555557
0.711,0.9904513888888888,0.9947916666666666,0.984375,0.9079802345040302,0.9930555555555557
0.712,0.9904513888888888,0.9947916666666666,0.984375,0.9082986419970958,0.9930555555555557
0.713,0.9904513888888888,0.9947916666666666,0.984375,0.9086170494901614,0.9939236111111112
0.714,0.9913194444444445,0.9947916666666666,0.984375,0.9089354569832272,0.9939236111111112
0.715,0.9913194444444445,0.9947916666666666,0.984375,0.9092538644762929,0.9939236111111112
0.716,0.9913194444444445,0.9947916666666666,0.984375,0.9095722719693584,0.9939236111111112
0.717,0.9913194444444445,0.9956597222222222,0.9852430555555555,0.909890679462424,0.9939236111111112
0.718,0.9913194444444445,0.9956597222222222,0.9852430555555555,0.9102090869554896,0.9939236111111112
0.719,0.9913194444444445,0.9965277777777777,0.9852430555555555,0.9105274944485554,0.9939236111111112
0.72,0.9913194444444445,0.9965277777777777,0.9852430555555555,0.910845901941621,0.9939236111111112
0.721,0.9913194444444445,0.9965277777777777,0.9852430555555555,0.9111643094346866,0.9939236111111112
0.722,0.9913194444444445,0.9973958333333334,0.986111111111111,0.9114827169277522,0.9939236111111112
0.723,0.9913194444444445,0.9973958333333334,0.986111111111111,0.9118011244208178,0.9939236111111112
0.724,0.9913194444444445,0.9973958333333334,0.986111111111111,0.9121195319138836,0.9939236111111112
0.725,0.9913194444444445,0.9973958333333334,0.986111111111111,0.9124379394069493,0.9939236111111112
0.726,0.9913194444444445,0.9973958333333334,0.9869791666666666,0.9127563469000148,0.9947916666666666
0.727,0.9913194444444445,0.9973958333333334,0.9869791666666666,0.9130747543930804,0.9947916666666666
0.728,0.9913194444444445,0.9973958333333334,0.9869791666666666,0.913393161886146,0.9947916666666666
0.729,0.9913194444444445,0.9973958333333334,0.9869791666666666,0.9137115693792118,0.9947916666666666
0.73,0.9921875,0.9973958333333334,0.9869791666666666,0.9140299768722774,0.9947916666666666
0.731,0.9921875,0.9973958333333334,0.9869791666666666,0.9143483843653429,0.9947916666666666
0.732,0.9921875,0.9973958333333334,0.9869791666666666,0.9146667918584086,0.9956597222222222
0.733,0.9921875,0.9973958333333334,0.9869791666666666,0.9149851993514743,0.9956597222222222
0.734,0.9921875,0.9973958333333334,0.9869791666666666,0.9153036068445398,0.9956597222222222
0.735,0.9921875,0.9975347222222223,0.9869791666666666,0.9156220143376054,0.9956597222222222
0.736,0.9924027777777779,0.9977569444444444,0.9869791666666666,0.9159404218306711,0.9956597222222222
0.737,0.9930694444444444,0.9979791666666666,0.9869791666666666,0.9162588293237368,0.9956597222222222
0.738,0.9937361111111112,0.998201388888889,0.9869791666666666,0.9165772368168025,0.9956597222222222
0.739,0.9948715277777778,0.998263888888889,0.9869791666666666,0.9168956443098683,0.9965277777777778
0.74,0.994982638888889,0.9991319444444445,0.9869791666666666,0.9172140518029338,0.9973958333333334
0.741,0.9950937500000001,0.9991319444444445,0.9869791666666666,0.9175324592959995,0.9973958333333334
0.742,0.9952048611111112,0.9991319444444445,0.9869791666666666,0.917850866789065,0.9973958333333334
0.743,0.9953159722222223,0.9991319444444445,0.9869791666666666,0.9181692742821307,0.9973958333333334
0.744,0.9954270833333334,0.9991319444444445,0.9869791666666666,0.9184876817751962,0.9973958333333334
0.745,0.9955381944444445,0.9991319444444445,0.9869791666666666,0.918806089268262,0.9973958333333334
0.746,0.9956493055555556,0.9991319444444445,0.9869791666666666,0.9191244967613277,0.9973958333333334
0.747,0.9956597222222223,0.9991319444444445,0.9869791666666666,0.9194429042543932,0.9973958333333334
0.748,0.9956597222222223,0.9991319444444445,0.9869791666666666,0.9197613117474589,0.998263888888889
0.749,0.9956597222222223,0.9991319444444445,0.9869791666666666,0.9200797192405245,0.998263888888889
0.75,0.9956597222222223,1.0,0.9869791666666666,0.9203981267335902,0.998263888888889
0.751,0.9963263888888889,1.0,0.9869791666666666,0.9207165342266559,0.998263888888889
0.752,0.9965510416666667,1.0,0.9869791666666666,0.9210349417197214,0.998263888888889
0.753,0.996584375,1.0,0.9869791666666666,0.9213533492127871,0.998263888888889
0.754,0.9966204257246377,1.0,0.9869791666666666,0.9216717567058527,0.9991319444444445
0.755,0.9966827445652174,1.0,0.9869791666666666,0.9219901641989184,0.9991319444444445
0.756,0.9967450634057972,1.0,0.9869791666666666,0.922308571691984,0.9991319444444445
0.757,0.9968073822463769,1.0,0.9887152777777777,0.9226269791850497,0.9991319444444445
0.758,0.9968697010869566,1.0,0.9887152777777777,0.9229453866781152,0.9991319444444445
0.759,0.9969320199275362,1.0,0.9887152777777777,0.9232637941711809,0.9991319444444445
0.76,0.996994338768116,1.0,0.9887152777777777,0.9235822016642464,0.9991319444444445
0.761,0.9970566576086957,1.0,0.9895833333333334,0.9239006091573122,0.9991319444444445
0.762,0.9971189764492755,1.0,0.9904513888888888,0.9242190166503779,0.9991319444444445
0.763,0.9971812952898551,1.0,0.9904513888888888,0.9245374241434434,0.9991319444444445
0.764,0.9972436141304349,1.0,0.9904513888888888,0.9248558316365091,0.9991319444444445
0.765,0.9973059329710146,1.0,0.9913194444444443,0.9251742391295746,0.9991319444444445
0.766,0.9973682518115942,1.0,0.9913194444444443,0.9254926466226404,1.0
0.767,0.997430570652174,1.0,0.9913194444444443,0.9258110541157061,1.0
0.768,0.9974928894927536,1.0,0.9913194444444443,0.9261294616087717,1.0
0.769,0.9975552083333333,1.0,0.9913194444444443,0.9264478691018373,1.0
0.77,0.997617527173913,1.0,0.9913194444444443,0.9267662765949028,1.0
0.771,0.9976798460144929,1.0,0.9913194444444443,0.9270846840879686,1.0
0.772,0.9977421648550725,1.0,0.9913194444444443,0.9274030915810343,1.0
0.773,0.9978044836956522,1.0,0.9913194444444443,0.9277214990740998,1.0
0.774,0.997866802536232,1.0,0.9921875,0.9280399065671654,1.0
0.775,0.9979291213768117,1.0,0.9921875,0.9283583140602311,1.0
0.776,0.9979914402173913,1.0,0.9921875,0.9286767215532968,1.0
0.777,0.9980537590579711,1.0,0.9921875,0.9289951290463625,1.0
0.778,0.9980942028985508,1.0,0.9921875,0.929313536539428,1.0
0.779,0.9981231884057972,1.0,0.9921875,0.9296319440324936,1.0
0.78,0.9981521739130436,1.0,0.9921875,0.9299503515255593,1.0
0.781,0.99818115942029,1.0,0.9921875,0.930268759018625,1.0
0.782,0.9982101449275363,1.0,0.9921875,0.9305871665116907,1.0
0.783,0.9982391304347827,1.0,0.9921875,0.9309055740047563,1.0
0.784,0.998263888888889,1.0,0.9921875,0.9312239814978218,1.0
0.785,0.998263888888889,1.0,0.9921875,0.9315423889908875,1.0
0.786,0.998263888888889,1.0,0.9921875,0.9318607964839533,1.0
0.787,0.998263888888889,1.0,0.9921875,0.9321792039770188,1.0
0.788,0.998263888888889,1.0,0.9930555555555555,0.9324976114700845,1.0
0.789,0.998263888888889,1.0,0.9930555555555555,0.93281601896315,1.0
0.79,0.998263888888889,1.0,0.9930555555555555,0.9331344264562157,1.0
0.791,0.998263888888889,1.0,0.9930555555555555,0.9334528339492815,1.0
0.792,0.998263888888889,1.0,0.9930555555555555,0.9337712414423471,1.0
0.793,0.998263888888889,1.0,0.9930555555555555,0.9340896489354127,1.0
0.794,0.998263888888889,1.0,0.9930555555555555,0.9344080564284782,1.0
0.795,0.998263888888889,1.0,0.9930555555555555,0.9347264639215439,1.0
0.796,0.998263888888889,1.0,0.9930555555555555,0.9350448714146097,1.0
0.797,0.998263888888889,1.0,0.9930555555555555,0.9353632789076752,1.0
0.798,0.998263888888889,1.0,0.9930555555555555,0.9356816864007408,1.0
0.799,0.998263888888889,1.0,0.9930555555555555,0.9360000938938065,1.0
0.8,0.998263888888889,1.0,0.9930555555555555,0.9363185013868721,1.0
0.801,0.998263888888889,1.0,0.9930555555555555,0.9366369088799377,1.0
0.802,0.998263888888889,1.0,0.9930555555555555,0.9369553163730034,1.0
0.803,0.998263888888889,1.0,0.9930555555555555,0.937273723866069,1.0
0.804,0.998263888888889,1.0,0.9930555555555555,0.9375921313591347,1.0
0.805,0.998263888888889,1.0,0.9930555555555555,0.9379105388522003,1.0
0.806,0.998263888888889,1.0,0.9930555555555555,0.9382289463452661,1.0
0.807,0.998263888888889,1.0,0.9930555555555555,0.9385473538383317,1.0
0.808,0.998263888888889,1.0,0.9930555555555555,0.9388657613313973,1.0
0.809,0.998263888888889,1.0,0.9930555555555555,0.9391841688244629,1.0
0.81,0.998263888888889,1.0,0.9930555555555555,0.9395025763175285,1.0
0.811,0.998263888888889,1.0,0.9930555555555555,0.9398209838105941,1.0
0.812,0.998263888888889,1.0,0.9930555555555555,0.9401393913036599,1.0
0.8130000000000001,0.998263888888889,1.0,0.9930555555555555,0.9404577987967255,1.0
0.8140000000000001,0.998263888888889,1.0,0.9930555555555555,0.9407762062897911,1.0
0.8150000000000001,0.998263888888889,1.0,0.9930555555555555,0.9410946137828567,1.0
0.8160000000000001,0.998263888888889,1.0,0.9930555555555555,0.9414130212759223,1.0
0.8170000000000001,0.998263888888889,1.0,0.9930555555555555,0.9417314287689881,1.0
0.8180000000000001,0.998263888888889,1.0,0.9930555555555555,0.9420498362620537,1.0
0.8190000000000001,0.998263888888889,1.0,0.9930555555555555,0.9423682437551193,1.0
0.8200000000000001,0.998263888888889,1.0,0.9930555555555555,0.942686651248185,1.0
0.8210000000000001,0.998263888888889,1.0,0.9930555555555555,0.9430050587412505,1.0
0.8220000000000001,0.998263888888889,1.0,0.9930555555555555,0.9433234662343163,1.0
0.8230000000000001,0.998263888888889,1.0,0.9930555555555555,0.9436418737273818,1.0
0.8240000000000001,0.998263888888889,1.0,0.9930555555555555,0.9439602812204475,1.0
0.8250000000000001,0.998263888888889,1.0,0.9930555555555555,0.9442786887135131,1.0
0.8260000000000001,0.998263888888889,1.0,0.9930555555555555,0.9445970962065787,1.0
0.8270000000000001,0.998263888888889,1.0,0.9930555555555555,0.9449155036996443,1.0
0.8280000000000001,0.998263888888889,1.0,0.9930555555555555,0.94523391119271,1.0
0.8290000000000001,0.998263888888889,1.0,0.9930555555555555,0.9455523186857757,1.0
0.8300000000000001,0.998263888888889,1.0,0.9930555555555555,0.9458707261788413,1.0
0.8310000000000001,0.998263888888889,1.0,0.9930555555555555,0.9461891336719069,1.0
0.8320000000000001,0.998263888888889,1.0,0.9930555555555555,0.9465075411649727,1.0
0.833,0.998263888888889,1.0,0.9930555555555555,0.9468259486580383,1.0
0.834,0.998263888888889,1.0,0.9930555555555555,0.9471443561511039,1.0
0.835,0.998263888888889,1.0,0.9930555555555555,0.9474627636441695,1.0
0.836,0.998263888888889,1.0,0.9930555555555555,0.9477811711372351,1.0
0.837,0.998263888888889,1.0,0.9930555555555555,0.9480995786303007,1.0
0.838,0.998263888888889,1.0,0.9930555555555555,0.9484179861233665,1.0
0.839,0.998263888888889,1.0,0.9930555555555555,0.948736393616432,1.0
0.84,0.998263888888889,1.0,0.9930555555555555,0.9490548011094977,1.0
0.841,0.998263888888889,1.0,0.9930555555555555,0.9493732086025632,1.0
0.842,0.998263888888889,1.0,0.9930555555555555,0.9496916160956289,1.0
0.843,0.9991728395061729,1.0,0.9930555555555555,0.9500100235886947,1.0
0.844,0.999246913580247,1.0,0.9930555555555555,0.9503284310817603,1.0
0.845,0.999320987654321,1.0,0.9930555555555555,0.9506468385748259,1.0
0.846,0.9993950617283951,1.0,0.9930555555555555,0.9509652460678915,1.0
0.847,0.9994691358024692,1.0,0.9930555555555555,0.9512836535609571,1.0
0.848,0.9995432098765432,1.0,0.993923611111111,0.9516020610540229,1.0
0.849,0.9996172839506173,1.0,0.993923611111111,0.9519204685470886,1.0
0.85,0.9996913580246914,1.0,0.993923611111111,0.9522388760401541,1.0
0.851,0.9997654320987653,1.0,0.993923611111111,0.9525572835332197,1.0
0.852,0.9998395061728395,1.0,0.993923611111111,0.9528756910262853,1.0
0.853,0.9999135802469136,1.0,0.993923611111111,0.9531940985193511,1.0
0.854,0.9999876543209876,1.0,0.993923611111111,0.9535125060124167,1.0
0.855,1.0,1.0,0.993923611111111,0.9538309135054822,1.0
0.856,1.0,1.0,0.993923611111111,0.9541493209985479,1.0
0.857,1.0,1.0,0.993923611111111,0.9544677284916135,1.0
0.858,1.0,1.0,0.993923611111111,0.9547861359846793,1.0
0.859,1.0,1.0,0.993923611111111,0.9551045434777449,1.0
0.86,1.0,1.0,0.993923611111111,0.9554229509708104,1.0
0.861,1.0,1.0,0.993923611111111,0.9557413584638761,1.0
0.862,1.0,1.0,0.993923611111111,0.9560597659569418,1.0
0.863,1.0,1.0,0.993923611111111,0.9563781734500075,1.0
0.864,1.0,1.0,0.993923611111111,0.9566965809430731,1.0
0.865,1.0,1.0,0.993923611111111,0.9570149884361386,1.0
0.866,1.0,1.0,0.993923611111111,0.9573333959292043,1.0
0.867,1.0,1.0,0.993923611111111,0.95765180342227,1.0
0.868,1.0,1.0,0.9947916666666666,0.9579702109153355,1.0
0.869,1.0,1.0,0.9956597222222223,0.9582886184084011,1.0
0.87,1.0,1.0,0.9956597222222223,0.9586070259014668,1.0
0.871,1.0,1.0,0.9956597222222223,0.9589254333945325,1.0
0.872,1.0,1.0,0.9956597222222223,0.9592438408875982,1.0
0.873,1.0,1.0,0.9956597222222223,0.959562248380664,1.0
0.874,1.0,1.0,0.9956597222222223,0.9598806558737295,1.0
0.875,1.0,1.0,0.9956597222222223,0.9601990633667951,1.0
0.876,1.0,1.0,0.9956597222222223,0.9605174708598607,1.0
0.877,1.0,1.0,0.9956597222222223,0.9608358783529264,1.0
0.878,1.0,1.0,0.9965277777777778,0.9611542858459919,1.0
0.879,1.0,1.0,0.9965277777777778,0.9614726933390575,1.0
0.88,1.0,1.0,0.9965277777777778,0.9617911008321233,1.0
0.881,1.0,1.0,0.9965277777777778,0.9621095083251889,1.0
0.882,1.0,1.0,0.9965277777777778,0.9624279158182545,1.0
0.883,1.0,1.0,0.9965277777777778,0.96274632331132,1.0
0.884,1.0,1.0,0.9965277777777778,0.9630647308043857,1.0
0.885,1.0,1.0,0.9965277777777778,0.9633831382974515,1.0
0.886,1.0,1.0,0.9965277777777778,0.9637015457905171,1.0
0.887,1.0,1.0,0.9965277777777778,0.9640199532835828,1.0
0.888,1.0,1.0,0.9965277777777778,0.9643383607766484,1.0
0.889,1.0,1.0,0.9965277777777778,0.9646567682697141,1.0
0.89,1.0,1.0,0.9965277777777778,0.9649751757627797,1.0
0.891,1.0,1.0,0.9965277777777778,0.9652935832558454,1.0
0.892,1.0,1.0,0.9965277777777778,0.9656119907489109,1.0
0.893,1.0,1.0,0.9965277777777778,0.9659303982419766,1.0
0.894,1.0,1.0,0.9965277777777778,0.9662488057350421,1.0
0.895,1.0,1.0,0.9965277777777778,0.9665672132281079,1.0
0.896,1.0,1.0,0.9965277777777778,0.9668856207211736,1.0
0.897,1.0,1.0,0.9965277777777778,0.9672040282142391,1.0
0.898,1.0,1.0,0.9965277777777778,0.9675224357073048,1.0
0.899,1.0,1.0,0.9965277777777778,0.9678408432003706,1.0
0.9,1.0,1.0,0.9965277777777778,0.9681592506934361,1.0
0.901,1.0,1.0,0.9965277777777778,0.9684776581865018,1.0
0.902,1.0,1.0,0.9965277777777778,0.9687960656795673,1.0
0.903,1.0,1.0,0.9965277777777778,0.969114473172633,1.0
0.904,1.0,1.0,0.9965277777777778,0.9694328806656985,1.0
0.905,1.0,1.0,0.9965277777777778,0.9697512881587643,1.0
0.906,1.0,1.0,0.9965277777777778,0.9700696956518299,1.0
0.907,1.0,1.0,0.9965277777777778,0.9703881031448955,1.0
0.908,1.0,1.0,0.9965277777777778,0.9707065106379611,1.0
0.909,1.0,1.0,0.9965277777777778,0.9710249181310268,1.0
0.91,1.0,1.0,0.9965277777777778,0.9713433256240925,1.0
0.911,1.0,1.0,0.9965277777777778,0.9716617331171582,1.0
0.912,1.0,1.0,0.9965277777777778,0.9719801406102238,1.0
0.913,1.0,1.0,0.9965277777777778,0.9722985481032893,1.0
0.914,1.0,1.0,0.9965277777777778,0.972616955596355,1.0
0.915,1.0,1.0,0.9965277777777778,0.9729353630894207,1.0
0.916,1.0,1.0,0.9965277777777778,0.9732537705824864,1.0
0.917,1.0,1.0,0.9965277777777778,0.973572178075552,1.0
0.918,1.0,1.0,0.9965277777777778,0.9738905855686175,1.0
0.919,1.0,1.0,0.9965277777777778,0.9742089930616832,1.0
0.92,1.0,1.0,0.9965277777777778,0.974527400554749,1.0
0.921,1.0,1.0,0.9965277777777778,0.9748458080478145,1.0
0.922,1.0,1.0,0.9965277777777778,0.9751642155408801,1.0
0.923,1.0,1.0,0.9965277777777778,0.9754826230339457,1.0
0.924,1.0,1.0,0.9965277777777778,0.9758010305270114,1.0
0.925,1.0,1.0,0.9965277777777778,0.9761194380200772,1.0
0.926,1.0,1.0,0.9965277777777778,0.9764378455131427,1.0
0.927,1.0,1.0,0.9965277777777778,0.9767562530062083,1.0
0.928,1.0,1.0,0.9965277777777778,0.9770746604992739,1.0
0.929,1.0,1.0,0.9965277777777778,0.9773930679923396,1.0
0.93,1.0,1.0,0.9965277777777778,0.9777114754854054,1.0
0.931,1.0,1.0,0.9965277777777778,0.9780298829784709,1.0
0.932,1.0,1.0,0.9965277777777778,0.9783482904715365,1.0
0.933,1.0,1.0,0.9965277777777778,0.9786666979646022,1.0
0.934,1.0,1.0,0.9965277777777778,0.9789851054576678,1.0
0.935,1.0,1.0,0.9965277777777778,0.9793035129507334,1.0
0.936,1.0,1.0,0.9965277777777778,0.9796219204437989,1.0
0.937,1.0,1.0,0.9965277777777778,0.9799403279368647,1.0
0.9380000000000001,1.0,1.0,0.9965277777777778,0.9802587354299304,1.0
0.9390000000000001,1.0,1.0,0.9965277777777778,0.980577142922996,1.0
0.9400000000000001,1.0,1.0,0.9965277777777778,0.9808955504160616,1.0
0.9410000000000001,1.0,1.0,0.9965277777777778,0.9812139579091274,1.0
0.9420000000000001,1.0,1.0,0.9965277777777778,0.9815323654021929,1.0
0.9430000000000001,1.0,1.0,0.9965277777777778,0.9818507728952586,1.0
0.9440000000000001,1.0,1.0,0.9965277777777778,0.9821691803883242,1.0
0.9450000000000001,1.0,1.0,0.9965277777777778,0.9824875878813898,1.0
0.9460000000000001,1.0,1.0,0.9965277777777778,0.9828059953744553,1.0
0.9470000000000001,1.0,1.0,0.9965277777777778,0.9831244028675211,1.0
0.9480000000000001,1.0,1.0,0.9965277777777778,0.9834428103605868,1.0
0.9490000000000001,1.0,1.0,0.9965277777777778,0.9837612178536523,1.0
0.9500000000000001,1.0,1.0,0.9965277777777778,0.9840796253467179,1.0
0.9510000000000001,1.0,1.0,0.9965277777777778,0.9843980328397838,1.0
0.9520000000000001,1.0,1.0,0.9965277777777778,0.9847164403328493,1.0
0.9530000000000001,1.0,1.0,0.9965277777777778,0.985034847825915,1.0
0.9540000000000001,1.0,1.0,0.9965277777777778,0.9853532553189807,1.0
0.9550000000000001,1.0,1.0,0.9965277777777778,0.9856716628120462,1.0
0.9560000000000001,1.0,1.0,0.9973958333333334,0.985990070305112,1.0
0.9570000000000001,1.0,1.0,0.9973958333333334,0.9863084777981775,1.0
0.9580000000000001,1.0,1.0,0.9973958333333334,0.9866268852912432,1.0
0.9590000000000001,1.0,1.0,0.9973958333333334,0.9869452927843088,1.0
0.96,1.0,1.0,0.9973958333333334,0.9872637002773743,1.0
0.961,1.0,1.0,0.9973958333333334,0.98758210777044,1.0
0.962,1.0,1.0,0.9973958333333334,0.9879005152635058,1.0
0.963,1.0,1.0,0.9973958333333334,0.9882189227565713,1.0
0.964,1.0,1.0,0.9973958333333334,0.988537330249637,1.0
0.965,1.0,1.0,0.9973958333333334,0.9888557377427025,1.0
0.966,1.0,1.0,0.9973958333333334,0.9891741452357682,1.0
0.967,1.0,1.0,0.9973958333333334,0.989492552728834,1.0
0.968,1.0,1.0,0.9973958333333334,0.9898109602218995,1.0
0.969,1.0,1.0,0.9973958333333334,0.9901293677149652,1.0
0.97,1.0,1.0,0.9973958333333334,0.9904477752080308,1.0
0.971,1.0,1.0,0.9973958333333334,0.9907661827010964,1.0
0.972,1.0,1.0,0.9973958333333334,0.9910845901941622,1.0
0.973,1.0,1.0,0.9973958333333334,0.9914029976872277,1.0
0.974,1.0,1.0,0.9973958333333334,0.9917214051802934,1.0
0.975,1.0,1.0,0.9973958333333334,0.992039812673359,1.0
0.976,1.0,1.0,0.9973958333333334,0.9923582201664246,1.0
0.977,1.0,1.0,0.9973958333333334,0.9926766276594904,1.0
0.978,1.0,1.0,0.9973958333333334,0.9929950351525559,1.0
0.979,1.0,1.0,0.9973958333333334,0.9933134426456216,1.0
0.98,1.0,1.0,0.9973958333333334,0.9936318501386872,1.0
0.981,1.0,1.0,0.9982638888888888,0.9939502576317528,1.0
0.982,1.0,1.0,0.9982638888888888,0.9942686651248186,1.0
0.983,1.0,1.0,0.9982638888888888,0.9945870726178841,1.0
0.984,1.0,1.0,0.9982638888888888,0.9949054801109498,1.0
0.985,1.0,1.0,0.9982638888888888,0.9952238876040154,1.0
0.986,1.0,1.0,0.9982638888888888,0.995542295097081,1.0
0.987,1.0,1.0,0.9982638888888888,0.9958607025901468,1.0
0.988,1.0,1.0,0.9982638888888888,0.9961791100832124,1.0
0.989,1.0,1.0,0.9982638888888888,0.9964975175762779,1.0
0.99,1.0,1.0,0.9982638888888888,0.9968159250693436,1.0
0.991,1.0,1.0,0.9982638888888888,0.9971343325624092,1.0
0.992,1.0,1.0,0.9982638888888888,0.997452740055475,1.0
0.993,1.0,1.0,0.9982638888888888,0.9977711475485406,1.0
0.994,1.0,1.0,0.9991319444444445,0.9980895550416061,1.0
0.995,1.0,1.0,0.9991319444444445,0.9984079625346718,1.0
0.996,1.0,1.0,0.9991319444444445,0.9987263700277375,1.0
0.997,1.0,1.0,0.9991319444444445,0.9990447775208032,1.0
0.998,1.0,1.0,0.9991319444444445,0.9993631850138688,1.0
0.999,1.0,1.0,0.9991319444444445,0.9996815925069343,1.0
1.0,1.0,1.0,1.0,1.0,1.0
